plant_id,dinov2
KW_T_423_10_0011L,5
KW_T_423_10_0013L,22
KW_T_423_10_0015L,0
KW_T_423_10_0017L,3
KW_T_423_10_0020L,4
KW_T_423_10_0022L,14
KW_T_423_10_0024L,7
KW_T_423_10_0026L,14
KW_T_423_10_0028L,3
KW_T_423_10_0030L,4
KW_T_423_10_0032L,16
KW_T_423_10_0034L,21
KW_T_423_10_0038L,3
KW_T_423_10_0040L,4
KW_T_423_10_0042L,5
KW_T_423_10_0046L,4
KW_T_423_10_0048L,4
KW_T_423_10_0050L,4
KW_T_423_10_0052L,5
KW_T_423_10_0054L,22
KW_T_423_10_0056L,4
KW_T_423_10_0058L,4
KW_T_423_10_0060L,4
KW_T_423_10_0062L,10
KW_T_423_10_0066L,10
KW_T_423_10_0068L,4
KW_T_423_10_0070L,4
KW_T_423_10_0072L,5
KW_T_423_10_0076L,9
KW_T_423_10_0077L,4
KW_T_423_10_0079L,4
KW_T_423_10_0081L,5
KW_T_423_10_0083L,10
KW_T_423_10_0085L,18
KW_T_423_10_0087L,5
KW_T_423_10_0089L,4
KW_T_423_10_0091L,5
KW_T_423_10_0093L,21
KW_T_423_10_0099L,4
KW_T_423_10_0103L,22
KW_T_423_10_0105L,5
KW_T_423_10_0107L,4
KW_T_423_10_0109L,4
KW_T_423_10_0111L,5
KW_T_423_10_0117L,15
KW_T_423_10_0119L,4
KW_T_423_10_0125L,22
KW_T_423_10_0127L,0
KW_T_423_10_0129L,4
KW_T_423_10_0133L,5
KW_T_423_10_0137L,4
KW_T_423_10_0139L,4
KW_T_423_10_0145L,15
KW_T_423_10_0147L,4
KW_T_423_10_0149L,4
KW_T_423_10_0151L,5
KW_T_423_10_0153L,5
KW_T_423_10_0157L,4
KW_T_423_10_0159L,3
KW_T_423_10_0161L,5
KW_T_423_10_0163L,17
KW_T_423_10_0167L,4
KW_T_423_10_0169L,4
KW_T_423_11_0010L,5
KW_T_423_11_0012L,22
KW_T_423_11_0014L,9
KW_T_423_11_0016L,4
KW_T_423_11_0018L,4
KW_T_423_11_0020L,3
KW_T_423_11_0022L,19
KW_T_423_11_0026L,3
KW_T_423_11_0028L,4
KW_T_423_11_0030L,11
KW_T_423_11_0032L,5
KW_T_423_11_0036L,3
KW_T_423_11_0038L,4
KW_T_423_11_0042L,22
KW_T_423_11_0046L,1
KW_T_423_11_0048L,4
KW_T_423_11_0052L,8
KW_T_423_11_0056L,4
KW_T_423_11_0058L,4
KW_T_423_11_0064L,18
KW_T_423_11_0066L,4
KW_T_423_11_0068L,4
KW_T_423_11_0070L,5
KW_T_423_11_0072L,15
KW_T_423_11_0076L,5
KW_T_423_11_0078L,4
KW_T_423_11_0080L,8
KW_T_423_11_0082L,21
KW_T_423_11_0086L,3
KW_T_423_11_0089L,3
KW_T_423_11_0091L,8
KW_T_423_11_0093L,22
KW_T_423_11_0095L,8
KW_T_423_11_0097L,4
KW_T_423_11_0099L,4
KW_T_423_11_0101L,5
KW_T_423_11_0107L,3
KW_T_423_11_0109L,3
KW_T_423_11_0113L,5
KW_T_423_11_0115L,19
KW_T_423_11_0117L,3
KW_T_423_11_0119L,3
KW_T_423_11_0121L,22
KW_T_423_11_0125L,3
KW_T_423_11_0129L,3
KW_T_423_11_0133L,13
KW_T_423_11_0135L,10
KW_T_423_11_0137L,1
KW_T_423_11_0141L,15
KW_T_423_11_0143L,14
KW_T_423_11_0147L,5
KW_T_423_11_0149L,3
KW_T_423_11_0151L,21
KW_T_423_11_0155L,0
KW_T_423_11_0157L,4
KW_T_423_11_0159L,4
KW_T_423_11_0161L,5
KW_T_423_11_0163L,20
KW_T_423_11_0165L,15
KW_T_423_11_0167L,15
KW_T_423_12_0010L,22
KW_T_423_12_0012L,3
KW_T_423_12_0014L,11
KW_T_423_12_0018L,0
KW_T_423_12_0020L,3
KW_T_423_12_0024L,10
KW_T_423_12_0028L,0
KW_T_423_12_0032L,8
KW_T_423_12_0034L,22
KW_T_423_12_0036L,3
KW_T_423_12_0038L,3
KW_T_423_12_0042L,22
KW_T_423_12_0044L,7
KW_T_423_12_0046L,4
KW_T_423_12_0048L,5
KW_T_423_12_0050L,19
KW_T_423_12_0054L,5
KW_T_423_12_0056L,7
KW_T_423_12_0058L,5
KW_T_423_12_0060L,22
KW_T_423_12_0062L,21
KW_T_423_12_0064L,7
KW_T_423_12_0072L,5
KW_T_423_12_0074L,21
KW_T_423_12_0076L,3
KW_T_423_12_0078L,3
KW_T_423_12_0081R,5
KW_T_423_12_0085L,0
KW_T_423_12_0089L,22
KW_T_423_12_0095L,16
KW_T_423_12_0097L,0
KW_T_423_12_0099L,8
KW_T_423_12_0101L,21
KW_T_423_12_0107L,3
KW_T_423_12_0109L,1
KW_T_423_12_0115L,4
KW_T_423_12_0119L,4
KW_T_423_12_0121L,4
KW_T_423_12_0123L,3
KW_T_423_12_0125L,3
KW_T_423_12_0127L,5
KW_T_423_12_0129L,5
KW_T_423_12_0133L,4
KW_T_423_12_0137L,3
KW_T_423_12_0139L,5
KW_T_423_12_0141L,5
KW_T_423_12_0143L,4
KW_T_423_12_0145L,3
KW_T_423_12_0147L,15
KW_T_423_12_0149L,5
KW_T_423_12_0151L,12
KW_T_423_12_0153L,0
KW_T_423_12_0155L,16
KW_T_423_12_0157L,10
KW_T_423_12_0159L,15
KW_T_423_12_0163L,12
KW_T_423_12_0167L,5
KW_T_423_13_0010L,5
KW_T_423_13_0012L,5
KW_T_423_13_0014L,5
KW_T_423_13_0016L,5
KW_T_423_13_0018L,5
KW_T_423_13_0020L,5
KW_T_423_13_0022L,5
KW_T_423_13_0024L,5
KW_T_423_13_0026L,5
KW_T_423_13_0028L,5
KW_T_423_13_0030L,5
KW_T_423_13_0032L,5
KW_T_423_13_0034L,5
KW_T_423_13_0036L,5
KW_T_423_13_0038L,16
KW_T_423_13_0040L,5
KW_T_423_13_0042L,21
KW_T_423_13_0044L,5
KW_T_423_13_0046L,5
KW_T_423_13_0048L,5
KW_T_423_13_0050L,9
KW_T_423_13_0052L,9
KW_T_423_13_0054L,5
KW_T_423_13_0056L,18
KW_T_423_13_0058L,5
KW_T_423_13_0060L,3
KW_T_423_13_0066L,22
KW_T_423_13_0068L,3
KW_T_423_13_0070L,18
KW_T_423_13_0072L,10
KW_T_423_13_0074L,21
KW_T_423_13_0076L,5
KW_T_423_13_0078L,11
KW_T_423_13_0082L,11
KW_T_423_13_0084L,21
KW_T_423_13_0088L,3
KW_T_423_13_0091L,5
KW_T_423_13_0093L,9
KW_T_423_13_0095L,22
KW_T_423_13_0097L,5
KW_T_423_13_0099L,5
KW_T_423_13_0103L,5
KW_T_423_13_0105L,5
KW_T_423_13_0107L,5
KW_T_423_13_0109L,3
KW_T_423_13_0112L,14
KW_T_423_13_0114L,3
KW_T_423_13_0119L,5
KW_T_423_13_0121L,5
KW_T_423_13_0123L,15
KW_T_423_13_0129L,5
KW_T_423_13_0131L,21
KW_T_423_13_0133L,7
KW_T_423_13_0135L,5
KW_T_423_13_0137L,5
KW_T_423_13_0139L,3
KW_T_423_13_0141L,14
KW_T_423_13_0143L,10
KW_T_423_13_0145L,5
KW_T_423_13_0147L,21
KW_T_423_13_0149L,3
KW_T_423_13_0151L,3
KW_T_423_13_0153L,7
KW_T_423_13_0153R,1
KW_T_423_13_0156L,5
KW_T_423_13_0158L,5
KW_T_423_13_0160L,4
KW_T_423_13_0162L,4
KW_T_423_13_0166L,5
KW_T_423_13_0168L,3
KW_T_423_13_0170L,4
KW_T_423_13_0172L,4
KW_T_423_14_0010L,10
KW_T_423_14_0012L,21
KW_T_423_14_0014L,3
KW_T_423_14_0016L,4
KW_T_423_14_0018L,4
KW_T_423_14_0020L,15
KW_T_423_14_0022L,1
KW_T_423_14_0026L,6
KW_T_423_14_0028L,4
KW_T_423_14_0030L,1
KW_T_423_14_0032L,5
KW_T_423_14_0034L,5
KW_T_423_14_0036L,3
KW_T_423_14_0038L,4
KW_T_423_14_0044L,5
KW_T_423_14_0046L,3
KW_T_423_14_0048L,4
KW_T_423_14_0050L,15
KW_T_423_14_0054L,22
KW_T_423_14_0056L,5
KW_T_423_14_0058L,3
KW_T_423_14_0060L,8
KW_T_423_14_0062L,14
KW_T_423_14_0064L,1
KW_T_423_14_0066L,3
KW_T_423_14_0068L,4
KW_T_423_14_0070L,1
KW_T_423_14_0072L,1
KW_T_423_14_0074L,1
KW_T_423_14_0076L,4
KW_T_423_14_0078L,4
KW_T_423_14_0080L,8
KW_T_423_14_0082L,5
KW_T_423_14_0084L,17
KW_T_423_14_0086L,3
KW_T_423_14_0088L,3
KW_T_423_14_0090L,22
KW_T_423_14_0091L,10
KW_T_423_14_0093L,22
KW_T_423_14_0095L,5
KW_T_423_14_0097L,4
KW_T_423_14_0101L,7
KW_T_423_14_0103L,22
KW_T_423_14_0105L,3
KW_T_423_14_0107L,4
KW_T_423_14_0111L,1
KW_T_423_14_0113L,3
KW_T_423_14_0115L,4
KW_T_423_14_0117L,4
KW_T_423_14_0119L,7
KW_T_423_14_0122L,1
KW_T_423_14_0124L,0
KW_T_423_14_0126L,4
KW_T_423_14_0128L,8
KW_T_423_14_0132L,22
KW_T_423_14_0134L,5
KW_T_423_14_0136L,4
KW_T_423_14_0138L,21
KW_T_423_14_0142L,7
KW_T_423_14_0143L,1
KW_T_423_14_0145L,4
KW_T_423_14_0147L,1
KW_T_423_14_0149L,7
KW_T_423_14_0150L,1
KW_T_423_14_0152L,5
KW_T_423_14_0154L,4
KW_T_423_14_0156L,22
KW_T_423_14_0158L,1
KW_T_423_14_0159L,7
KW_T_423_14_0161L,3
KW_T_423_14_0163L,4
KW_T_423_15_0009L,14
KW_T_423_15_0011L,18
KW_T_423_15_0017L,4
KW_T_423_15_0020L,9
KW_T_423_15_0022L,19
KW_T_423_15_0024L,5
KW_T_423_15_0026L,3
KW_T_423_15_0028L,4
KW_T_423_15_0030L,8
KW_T_423_15_0032L,19
KW_T_423_15_0034L,5
KW_T_423_15_0036L,4
KW_T_423_15_0038L,4
KW_T_423_15_0040L,22
KW_T_423_15_0042L,1
KW_T_423_15_0043L,7
KW_T_423_15_0045L,3
KW_T_423_15_0047L,4
KW_T_423_15_0049L,7
KW_T_423_15_0051L,1
KW_T_423_15_0052L,7
KW_T_423_15_0054L,4
KW_T_423_15_0056L,4
KW_T_423_15_0058L,22
KW_T_423_15_0060L,15
KW_T_423_15_0062L,18
KW_T_423_15_0064L,3
KW_T_423_15_0066L,4
KW_T_423_15_0070L,20
KW_T_423_15_0072L,5
KW_T_423_15_0074L,3
KW_T_423_15_0076L,4
KW_T_423_15_0078L,21
KW_T_423_15_0080L,22
KW_T_423_15_0084L,5
KW_T_423_15_0086L,4
KW_T_423_15_0092L,5
KW_T_423_15_0094L,3
KW_T_423_15_0096L,4
KW_T_423_15_0098L,10
KW_T_423_15_0100L,8
KW_T_423_15_0104L,5
KW_T_423_15_0106L,4
KW_T_423_15_0108L,14
KW_T_423_15_0110L,18
KW_T_423_15_0112L,5
KW_T_423_15_0114L,3
KW_T_423_15_0116L,4
KW_T_423_15_0118L,22
KW_T_423_15_0120L,7
KW_T_423_15_0122L,19
KW_T_423_15_0124L,5
KW_T_423_15_0126L,4
KW_T_423_15_0128L,22
KW_T_423_15_0130L,5
KW_T_423_15_0132L,5
KW_T_423_15_0134L,3
KW_T_423_15_0136L,4
KW_T_423_15_0138L,22
KW_T_423_15_0140L,17
KW_T_423_15_0142L,5
KW_T_423_15_0144L,5
KW_T_423_15_0146L,4
KW_T_423_15_0150L,2
KW_T_423_15_0152L,5
KW_T_423_15_0154L,3
KW_T_423_15_0156L,4
KW_T_423_15_0158L,22
KW_T_423_15_0162L,1
KW_T_423_15_0165L,5
KW_T_423_15_0167L,4
KW_T_423_16_0009L,22
KW_T_423_16_0011L,1
KW_T_423_16_0013L,5
KW_T_423_16_0015L,3
KW_T_423_16_0017L,4
KW_T_423_16_0019L,21
KW_T_423_16_0021L,3
KW_T_423_16_0023L,5
KW_T_423_16_0025L,5
KW_T_423_16_0027L,3
KW_T_423_16_0033L,17
KW_T_423_16_0035L,4
KW_T_423_16_0037L,3
KW_T_423_16_0041L,9
KW_T_423_16_0043L,5
KW_T_423_16_0045L,5
KW_T_423_16_0047L,4
KW_T_423_16_0051L,9
KW_T_423_16_0053L,15
KW_T_423_16_0055L,3
KW_T_423_16_0057L,4
KW_T_423_16_0059L,13
KW_T_423_16_0063L,5
KW_T_423_16_0065L,3
KW_T_423_16_0067L,4
KW_T_423_16_0069L,14
KW_T_423_16_0071L,1
KW_T_423_16_0075L,3
KW_T_423_16_0079L,2
KW_T_423_16_0081L,5
KW_T_423_16_0083L,19
KW_T_423_16_0085L,3
KW_T_423_16_0087L,4
KW_T_423_16_0089L,7
KW_T_423_16_0091L,20
KW_T_423_16_0093L,5
KW_T_423_16_0095L,3
KW_T_423_16_0097L,4
KW_T_423_16_0099L,10
KW_T_423_16_0101L,9
KW_T_423_16_0103L,20
KW_T_423_16_0105L,5
KW_T_423_16_0107L,4
KW_T_423_16_0109L,8
KW_T_423_16_0111L,7
KW_T_423_16_0113L,5
KW_T_423_16_0115L,3
KW_T_423_16_0117L,4
KW_T_423_16_0119L,20
KW_T_423_16_0121L,20
KW_T_423_16_0123L,5
KW_T_423_16_0125L,3
KW_T_423_16_0127L,4
KW_T_423_16_0132L,18
KW_T_423_16_0134L,5
KW_T_423_16_0136L,3
KW_T_423_16_0138L,4
KW_T_423_16_0140L,21
KW_T_423_16_0142L,5
KW_T_423_16_0144L,17
KW_T_423_16_0146L,3
KW_T_423_16_0148L,4
KW_T_423_16_0150L,10
KW_T_423_16_0152L,11
KW_T_423_16_0154L,21
KW_T_423_16_0156L,3
KW_T_423_16_0158L,4
KW_T_423_16_0160L,12
KW_T_423_16_0162L,15
KW_T_423_16_0164L,5
KW_T_423_16_0168L,4
KW_T_423_17_0009L,10
KW_T_423_17_0011L,22
KW_T_423_17_0015L,3
KW_T_423_17_0017L,4
KW_T_423_17_0019L,22
KW_T_423_17_0021L,22
KW_T_423_17_0023L,22
KW_T_423_17_0025L,3
KW_T_423_17_0027L,16
KW_T_423_17_0029L,22
KW_T_423_17_0033L,19
KW_T_423_17_0035L,3
KW_T_423_17_0037L,4
KW_T_423_17_0041L,9
KW_T_423_17_0043L,1
KW_T_423_17_0045L,3
KW_T_423_17_0047L,4
KW_T_423_17_0049L,18
KW_T_423_17_0051L,21
KW_T_423_17_0053L,5
KW_T_423_17_0055L,3
KW_T_423_17_0057L,4
KW_T_423_17_0059L,5
KW_T_423_17_0063L,9
KW_T_423_17_0065L,3
KW_T_423_17_0067L,4
KW_T_423_17_0069L,2
KW_T_423_17_0071L,21
KW_T_423_17_0073L,13
KW_T_423_17_0075L,3
KW_T_423_17_0077L,4
KW_T_423_17_0079L,9
KW_T_423_17_0081L,14
KW_T_423_17_0083L,3
KW_T_423_17_0085L,3
KW_T_423_17_0087L,4
KW_T_423_17_0091L,6
KW_T_423_17_0093L,6
KW_T_423_17_0095L,3
KW_T_423_17_0097L,4
KW_T_423_17_0099L,11
KW_T_423_17_0103L,5
KW_T_423_17_0105L,3
KW_T_423_17_0107L,4
KW_T_423_17_0111L,11
KW_T_423_17_0113L,6
KW_T_423_17_0115L,3
KW_T_423_17_0117L,4
KW_T_423_17_0121L,1
KW_T_423_17_0123L,3
KW_T_423_17_0125L,3
KW_T_423_17_0127L,4
KW_T_423_17_0131L,5
KW_T_423_17_0133L,5
KW_T_423_17_0135L,3
KW_T_423_17_0137L,4
KW_T_423_17_0141L,20
KW_T_423_17_0143L,5
KW_T_423_17_0145L,3
KW_T_423_17_0147L,4
KW_T_423_17_0149L,21
KW_T_423_17_0151L,10
KW_T_423_17_0153L,5
KW_T_423_17_0155L,3
KW_T_423_17_0157L,4
KW_T_423_17_0159L,11
KW_T_423_17_0161L,11
KW_T_423_17_0165L,3
KW_T_423_17_0167L,4
KW_T_423_18_0009L,10
KW_T_423_18_0011L,6
KW_T_423_18_0013L,5
KW_T_423_18_0015L,3
KW_T_423_18_0017L,4
KW_T_423_18_0019L,15
KW_T_423_18_0021L,1
KW_T_423_18_0023L,5
KW_T_423_18_0025L,3
KW_T_423_18_0027L,4
KW_T_423_18_0029L,22
KW_T_423_18_0035L,3
KW_T_423_18_0037L,4
KW_T_423_18_0039L,22
KW_T_423_18_0041L,9
KW_T_423_18_0043L,17
KW_T_423_18_0045L,3
KW_T_423_18_0047L,4
KW_T_423_18_0049L,22
KW_T_423_18_0051L,17
KW_T_423_18_0053L,5
KW_T_423_18_0055L,3
KW_T_423_18_0057L,4
KW_T_423_18_0059L,22
KW_T_423_18_0063L,3
KW_T_423_18_0065L,3
KW_T_423_18_0069L,14
KW_T_423_18_0071L,22
KW_T_423_18_0075L,3
KW_T_423_18_0077L,3
KW_T_423_18_0079L,12
KW_T_423_18_0081L,5
KW_T_423_18_0083L,5
KW_T_423_18_0085L,3
KW_T_423_18_0087L,4
KW_T_423_18_0089L,9
KW_T_423_18_0091L,22
KW_T_423_18_0093L,5
KW_T_423_18_0095L,3
KW_T_423_18_0097L,4
KW_T_423_18_0101L,19
KW_T_423_18_0101R,15
KW_T_423_18_0107L,4
KW_T_423_18_0109L,22
KW_T_423_18_0113L,5
KW_T_423_18_0115L,3
KW_T_423_18_0117L,4
KW_T_423_18_0119L,22
KW_T_423_18_0123L,22
KW_T_423_18_0125L,5
KW_T_423_18_0131L,9
KW_T_423_18_0133L,21
KW_T_423_18_0135L,5
KW_T_423_18_0137L,4
KW_T_423_18_0139L,9
KW_T_423_18_0141L,22
KW_T_423_18_0143L,7
KW_T_423_18_0145L,4
KW_T_423_18_0147L,4
KW_T_423_18_0149L,22
KW_T_423_18_0151L,1
KW_T_423_18_0153L,5
KW_T_423_18_0155L,4
KW_T_423_18_0157L,4
KW_T_423_18_0161L,19
KW_T_423_18_0163L,1
KW_T_423_18_0165L,4
KW_T_423_19_0013L,22
KW_T_423_19_0015L,5
KW_T_423_19_0017L,4
KW_T_423_19_0021L,5
KW_T_423_19_0023L,5
KW_T_423_19_0025L,4
KW_T_423_19_0027L,4
KW_T_423_19_0029L,7
KW_T_423_19_0031L,5
KW_T_423_19_0033L,3
KW_T_423_19_0035L,4
KW_T_423_19_0037L,4
KW_T_423_19_0039L,22
KW_T_423_19_0041L,22
KW_T_423_19_0043L,5
KW_T_423_19_0045L,4
KW_T_423_19_0047L,4
KW_T_423_19_0049L,15
KW_T_423_19_0051L,5
KW_T_423_19_0053L,21
KW_T_423_19_0055L,4
KW_T_423_19_0057L,4
KW_T_423_19_0062L,5
KW_T_423_19_0064L,5
KW_T_423_19_0066L,4
KW_T_423_19_0068L,4
KW_T_423_19_0070L,5
KW_T_423_19_0072L,5
KW_T_423_19_0074L,0
KW_T_423_19_0076L,4
KW_T_423_19_0078L,4
KW_T_423_19_0080L,12
KW_T_423_19_0082L,5
KW_T_423_19_0084L,5
KW_T_423_19_0086L,4
KW_T_423_19_0088L,4
KW_T_423_19_0090L,15
KW_T_423_19_0097L,4
KW_T_423_19_0099L,18
KW_T_423_19_0101L,5
KW_T_423_19_0103L,0
KW_T_423_19_0105L,4
KW_T_423_19_0107L,4
KW_T_423_19_0111L,5
KW_T_423_19_0113L,0
KW_T_423_19_0115L,4
KW_T_423_19_0117L,4
KW_T_423_19_0119L,22
KW_T_423_19_0121L,22
KW_T_423_19_0123L,5
KW_T_423_19_0125L,4
KW_T_423_19_0127L,4
KW_T_423_19_0129L,22
KW_T_423_19_0131L,5
KW_T_423_19_0133L,5
KW_T_423_19_0135L,4
KW_T_423_19_0137L,4
KW_T_423_19_0139L,12
KW_T_423_19_0140L,8
KW_T_423_19_0142L,5
KW_T_423_19_0144L,4
KW_T_423_19_0146L,4
KW_T_423_19_0148L,2
KW_T_423_19_0154L,4
KW_T_423_19_0156L,4
KW_T_423_19_0158L,22
KW_T_423_19_0160L,21
KW_T_423_19_0162L,1
KW_T_423_19_0164L,4
KW_T_423_19_0166L,4
KW_T_423_19_0168L,22
KW_T_423_19_0170L,12
KW_T_423_19_0172L,15
KW_T_423_19_0174L,4
KW_T_423_19_0176L,4
KW_T_423_1_0020R,20
KW_T_423_1_0024R,20
KW_T_423_1_0026R,22
KW_T_423_1_0028R,7
KW_T_423_1_0030R,6
KW_T_423_1_0036R,9
KW_T_423_1_0038R,21
KW_T_423_1_0042R,21
KW_T_423_1_0046R,5
KW_T_423_1_0050R,19
KW_T_423_1_0052R,21
KW_T_423_1_0056R,14
KW_T_423_1_0058R,6
KW_T_423_1_0060R,18
KW_T_423_1_0062R,12
KW_T_423_1_0064R,22
KW_T_423_1_0066R,12
KW_T_423_1_0068R,10
KW_T_423_1_0070R,10
KW_T_423_1_0074R,12
KW_T_423_1_0076R,14
KW_T_423_1_0078R,18
KW_T_423_1_0082R,5
KW_T_423_1_0084R,21
KW_T_423_1_0086R,22
KW_T_423_1_0088R,11
KW_T_423_1_0090R,6
KW_T_423_1_0094R,10
KW_T_423_1_0096R,21
KW_T_423_1_0098R,15
KW_T_423_1_0100R,5
KW_T_423_1_0102R,6
KW_T_423_1_0104R,21
KW_T_423_1_0110R,10
KW_T_423_1_0112R,11
KW_T_423_1_0114R,10
KW_T_423_1_0116R,8
KW_T_423_1_0120R,5
KW_T_423_1_0122R,5
KW_T_423_1_0128R,22
KW_T_423_1_0130R,7
KW_T_423_1_0132R,18
KW_T_423_1_0134R,9
KW_T_423_1_0136R,15
KW_T_423_1_0138R,16
KW_T_423_1_0140R,5
KW_T_423_1_0142R,7
KW_T_423_1_0148R,21
KW_T_423_1_0150R,10
KW_T_423_1_0152R,20
KW_T_423_1_0154R,22
KW_T_423_1_0156R,15
KW_T_423_1_0158R,22
KW_T_423_1_0160R,13
KW_T_423_1_0162R,7
KW_T_423_1_0166R,5
KW_T_423_1_0168R,1
KW_T_423_1_0170R,7
KW_T_423_1_0176R,6
KW_T_423_1_0178R,1
KW_T_423_20_0009L,19
KW_T_423_20_0013L,5
KW_T_423_20_0015L,4
KW_T_423_20_0017L,4
KW_T_423_20_0021L,22
KW_T_423_20_0023L,5
KW_T_423_20_0025L,4
KW_T_423_20_0027L,4
KW_T_423_20_0029L,6
KW_T_423_20_0031L,5
KW_T_423_20_0033L,5
KW_T_423_20_0035L,4
KW_T_423_20_0037L,4
KW_T_423_20_0039L,20
KW_T_423_20_0041L,22
KW_T_423_20_0043L,5
KW_T_423_20_0045L,4
KW_T_423_20_0047L,4
KW_T_423_20_0051L,15
KW_T_423_20_0053L,5
KW_T_423_20_0055L,4
KW_T_423_20_0057L,4
KW_T_423_20_0059L,8
KW_T_423_20_0061L,15
KW_T_423_20_0063L,5
KW_T_423_20_0065L,4
KW_T_423_20_0065R,4
KW_T_423_20_0069L,4
KW_T_423_20_0071L,19
KW_T_423_20_0073L,21
KW_T_423_20_0075L,3
KW_T_423_20_0077L,4
KW_T_423_20_0079L,4
KW_T_423_20_0081L,15
KW_T_423_20_0085L,5
KW_T_423_20_0087L,4
KW_T_423_20_0089L,4
KW_T_423_20_0091L,8
KW_T_423_20_0093L,10
KW_T_423_20_0095L,13
KW_T_423_20_0097L,4
KW_T_423_20_0099L,4
KW_T_423_20_0106L,20
KW_T_423_20_0108L,4
KW_T_423_20_0110L,4
KW_T_423_20_0114L,9
KW_T_423_20_0116L,15
KW_T_423_20_0118L,4
KW_T_423_20_0120L,4
KW_T_423_20_0122L,15
KW_T_423_20_0124L,9
KW_T_423_20_0126L,13
KW_T_423_20_0128L,4
KW_T_423_20_0130L,4
KW_T_423_20_0132L,22
KW_T_423_20_0134L,15
KW_T_423_20_0138L,4
KW_T_423_20_0140L,4
KW_T_423_20_0142L,19
KW_T_423_20_0144L,5
KW_T_423_20_0146L,5
KW_T_423_20_0148L,4
KW_T_423_20_0151L,4
KW_T_423_20_0153L,15
KW_T_423_20_0155L,11
KW_T_423_20_0157L,5
KW_T_423_20_0159L,4
KW_T_423_20_0161L,4
KW_T_423_21_0009L,2
KW_T_423_21_0011L,22
KW_T_423_21_0013L,18
KW_T_423_21_0015L,4
KW_T_423_21_0017L,4
KW_T_423_21_0019L,5
KW_T_423_21_0021L,7
KW_T_423_21_0023L,22
KW_T_423_21_0025L,4
KW_T_423_21_0027L,4
KW_T_423_21_0031L,8
KW_T_423_21_0033L,10
KW_T_423_21_0035L,4
KW_T_423_21_0037L,4
KW_T_423_21_0039L,9
KW_T_423_21_0043L,13
KW_T_423_21_0045L,5
KW_T_423_21_0047L,4
KW_T_423_21_0049L,2
KW_T_423_21_0051L,2
KW_T_423_21_0053L,12
KW_T_423_21_0055L,7
KW_T_423_21_0057L,5
KW_T_423_21_0059L,11
KW_T_423_21_0061L,22
KW_T_423_21_0063L,21
KW_T_423_21_0065L,9
KW_T_423_21_0067L,4
KW_T_423_21_0069L,8
KW_T_423_21_0071L,7
KW_T_423_21_0073L,19
KW_T_423_21_0075L,11
KW_T_423_21_0077L,4
KW_T_423_21_0079L,12
KW_T_423_21_0081L,12
KW_T_423_21_0083L,14
KW_T_423_21_0085L,15
KW_T_423_21_0087L,4
KW_T_423_21_0089L,13
KW_T_423_21_0091L,19
KW_T_423_21_0093L,5
KW_T_423_21_0095L,4
KW_T_423_21_0097L,4
KW_T_423_21_0099L,9
KW_T_423_21_0101L,10
KW_T_423_21_0104L,5
KW_T_423_21_0106L,4
KW_T_423_21_0108L,15
KW_T_423_21_0110L,13
KW_T_423_21_0112L,6
KW_T_423_21_0114L,5
KW_T_423_21_0116L,4
KW_T_423_21_0118L,12
KW_T_423_21_0120L,11
KW_T_423_21_0124L,4
KW_T_423_21_0126L,4
KW_T_423_21_0128L,1
KW_T_423_21_0129L,1
KW_T_423_21_0133L,5
KW_T_423_21_0135L,4
KW_T_423_21_0137L,11
KW_T_423_21_0139L,9
KW_T_423_21_0141L,19
KW_T_423_21_0145L,4
KW_T_423_21_0147L,6
KW_T_423_21_0149L,13
KW_T_423_21_0153L,5
KW_T_423_21_0155L,4
KW_T_423_21_0157L,22
KW_T_423_21_0159L,9
KW_T_423_21_0163L,5
KW_T_423_21_0165L,4
KW_T_423_22_0011L,5
KW_T_423_22_0013L,22
KW_T_423_22_0015L,10
KW_T_423_22_0017L,5
KW_T_423_22_0019L,10
KW_T_423_22_0021L,5
KW_T_423_22_0024L,22
KW_T_423_22_0026L,4
KW_T_423_22_0028L,9
KW_T_423_22_0030L,14
KW_T_423_22_0032L,21
KW_T_423_22_0034L,5
KW_T_423_22_0036L,4
KW_T_423_22_0038L,19
KW_T_423_22_0042L,22
KW_T_423_22_0044L,22
KW_T_423_22_0046L,4
KW_T_423_22_0048L,21
KW_T_423_22_0050L,15
KW_T_423_22_0052L,5
KW_T_423_22_0054L,21
KW_T_423_22_0056L,4
KW_T_423_22_0058L,15
KW_T_423_22_0061L,6
KW_T_423_22_0063L,5
KW_T_423_22_0065L,4
KW_T_423_22_0067L,13
KW_T_423_22_0069L,5
KW_T_423_22_0071L,18
KW_T_423_22_0075L,4
KW_T_423_22_0077L,9
KW_T_423_22_0079L,9
KW_T_423_22_0081L,21
KW_T_423_22_0083L,3
KW_T_423_22_0085L,4
KW_T_423_22_0087L,15
KW_T_423_22_0089L,5
KW_T_423_22_0091L,22
KW_T_423_22_0093L,15
KW_T_423_22_0095L,4
KW_T_423_22_0097L,8
KW_T_423_22_0098L,8
KW_T_423_22_0100L,22
KW_T_423_22_0102L,19
KW_T_423_22_0104L,4
KW_T_423_22_0106L,5
KW_T_423_22_0108L,21
KW_T_423_22_0110L,3
KW_T_423_22_0112L,6
KW_T_423_22_0114L,4
KW_T_423_22_0122L,20
KW_T_423_22_0124L,4
KW_T_423_22_0130L,22
KW_T_423_22_0132L,4
KW_T_423_22_0134L,4
KW_T_423_22_0136L,12
KW_T_423_22_0138L,5
KW_T_423_22_0141L,22
KW_T_423_22_0143L,4
KW_T_423_22_0145L,4
KW_T_423_22_0147L,2
KW_T_423_22_0149L,5
KW_T_423_22_0151L,22
KW_T_423_22_0153L,5
KW_T_423_22_0155L,4
KW_T_423_22_0159L,15
KW_T_423_22_0163L,4
KW_T_423_22_0165L,4
KW_T_423_22_0167L,15
KW_T_423_22_0169L,11
KW_T_423_22_0171L,5
KW_T_423_22_0174L,5
KW_T_423_23_0009L,6
KW_T_423_23_0011L,5
KW_T_423_23_0013L,7
KW_T_423_23_0016L,21
KW_T_423_23_0018L,3
KW_T_423_23_0020L,2
KW_T_423_23_0022L,6
KW_T_423_23_0024L,20
KW_T_423_23_0026L,5
KW_T_423_23_0028L,4
KW_T_423_23_0030L,21
KW_T_423_23_0032L,5
KW_T_423_23_0034L,4
KW_T_423_23_0035R,3
KW_T_423_23_0037L,4
KW_T_423_23_0039L,19
KW_T_423_23_0043L,5
KW_T_423_23_0045L,17
KW_T_423_23_0049L,2
KW_T_423_23_0051L,2
KW_T_423_23_0053L,2
KW_T_423_23_0055L,2
KW_T_423_23_0058L,2
KW_T_423_23_0060L,2
KW_T_423_23_0062L,2
KW_T_423_23_0064L,14
KW_T_423_23_0066L,5
KW_T_423_23_0068L,4
KW_T_423_23_0070L,22
KW_T_423_23_0072L,1
KW_T_423_23_0075L,1
KW_T_423_23_0078L,9
KW_T_423_23_0080L,4
KW_T_423_23_0082L,1
KW_T_423_23_0084L,22
KW_T_423_23_0086L,20
KW_T_423_23_0088L,4
KW_T_423_23_0090L,4
KW_T_423_23_0092L,1
KW_T_423_23_0094L,21
KW_T_423_23_0096L,5
KW_T_423_23_0098L,4
KW_T_423_23_0100L,4
KW_T_423_23_0104L,17
KW_T_423_23_0108L,4
KW_T_423_23_0110L,4
KW_T_423_23_0112L,1
KW_T_423_23_0114L,22
KW_T_423_23_0116L,5
KW_T_423_23_0118L,4
KW_T_423_23_0120L,4
KW_T_423_23_0122L,8
KW_T_423_23_0124L,8
KW_T_423_23_0126L,8
KW_T_423_23_0128L,4
KW_T_423_23_0130L,4
KW_T_423_23_0134L,2
KW_T_423_23_0136R,2
KW_T_423_23_0139L,4
KW_T_423_23_0141L,4
KW_T_423_23_0143L,5
KW_T_423_23_0145L,2
KW_T_423_23_0147R,2
KW_T_423_23_0151L,2
KW_T_423_23_0153L,4
KW_T_423_23_0155R,9
KW_T_423_23_0157L,2
KW_T_423_23_0160L,2
KW_T_423_23_0162L,4
KW_T_423_23_0164R,4
KW_T_423_24_0009L,22
KW_T_423_24_0011L,5
KW_T_423_24_0014L,5
KW_T_423_24_0016L,5
KW_T_423_24_0018L,4
KW_T_423_24_0020L,2
KW_T_423_24_0022L,10
KW_T_423_24_0026L,4
KW_T_423_24_0028L,4
KW_T_423_24_0032L,21
KW_T_423_24_0034L,10
KW_T_423_24_0036L,4
KW_T_423_24_0038L,4
KW_T_423_24_0040L,1
KW_T_423_24_0041R,1
KW_T_423_24_0043L,6
KW_T_423_24_0047L,4
KW_T_423_24_0049L,16
KW_T_423_24_0053L,4
KW_T_423_24_0055L,4
KW_T_423_24_0055R,4
KW_T_423_24_0058L,2
KW_T_423_24_0060L,2
KW_T_423_24_0062L,5
KW_T_423_24_0064L,4
KW_T_423_24_0066L,4
KW_T_423_24_0068L,2
KW_T_423_24_0071L,5
KW_T_423_24_0073L,9
KW_T_423_24_0075L,4
KW_T_423_24_0077L,4
KW_T_423_24_0079L,2
KW_T_423_24_0081L,2
KW_T_423_24_0084L,4
KW_T_423_24_0086L,4
KW_T_423_24_0088L,4
KW_T_423_24_0091L,22
KW_T_423_24_0095L,4
KW_T_423_24_0097L,4
KW_T_423_24_0099L,4
KW_T_423_24_0101L,2
KW_T_423_24_0103L,5
KW_T_423_24_0105L,9
KW_T_423_24_0107L,4
KW_T_423_24_0109L,4
KW_T_423_24_0111L,2
KW_T_423_24_0113L,22
KW_T_423_24_0115L,4
KW_T_423_24_0117L,4
KW_T_423_24_0119L,4
KW_T_423_24_0121L,2
KW_T_423_24_0124L,1
KW_T_423_24_0126L,3
KW_T_423_24_0128L,4
KW_T_423_24_0130L,3
KW_T_423_24_0133L,2
KW_T_423_24_0135L,5
KW_T_423_24_0138L,8
KW_T_423_24_0140L,9
KW_T_423_24_0142L,4
KW_T_423_24_0144L,17
KW_T_423_24_0146L,5
KW_T_423_24_0148L,3
KW_T_423_24_0152L,3
KW_T_423_24_0154L,4
KW_T_423_24_0158L,5
KW_T_423_24_0160L,17
KW_T_423_24_0162L,4
KW_T_423_24_0164L,4
KW_T_423_24_0166L,4
KW_T_423_24_0171L,14
KW_T_423_24_0174L,4
KW_T_423_24_0176L,4
KW_T_423_25_0010L,5
KW_T_423_25_0012L,4
KW_T_423_25_0015L,3
KW_T_423_25_0018L,4
KW_T_423_25_0020L,17
KW_T_423_25_0024L,2
KW_T_423_25_0026L,4
KW_T_423_25_0028L,4
KW_T_423_25_0031L,2
KW_T_423_25_0033L,5
KW_T_423_25_0039L,4
KW_T_423_25_0042L,4
KW_T_423_25_0044L,11
KW_T_423_25_0049L,4
KW_T_423_25_0052L,4
KW_T_423_25_0054L,4
KW_T_423_25_0058L,2
KW_T_423_25_0061L,4
KW_T_423_25_0063L,4
KW_T_423_25_0065L,3
KW_T_423_25_0067L,17
KW_T_423_25_0069L,5
KW_T_423_25_0071L,4
KW_T_423_25_0074L,4
KW_T_423_25_0076L,4
KW_T_423_25_0078L,15
KW_T_423_25_0080L,5
KW_T_423_25_0083L,4
KW_T_423_25_0085L,4
KW_T_423_25_0087L,4
KW_T_423_25_0089L,2
KW_T_423_25_0094L,3
KW_T_423_25_0097L,4
KW_T_423_25_0100L,4
KW_T_423_25_0102L,2
KW_T_423_25_0104L,22
KW_T_423_25_0106L,4
KW_T_423_25_0108L,3
KW_T_423_25_0111L,22
KW_T_423_25_0113L,4
KW_T_423_25_0115L,11
KW_T_423_25_0117L,4
KW_T_423_25_0119L,4
KW_T_423_25_0121L,2
KW_T_423_25_0123L,4
KW_T_423_25_0125L,4
KW_T_423_25_0130L,4
KW_T_423_25_0135L,4
KW_T_423_25_0138L,4
KW_T_423_25_0141L,5
KW_T_423_25_0143L,5
KW_T_423_25_0145L,5
KW_T_423_25_0147L,4
KW_T_423_25_0150L,20
KW_T_423_25_0154L,4
KW_T_423_25_0157L,2
KW_T_423_25_0160L,4
KW_T_423_25_0162L,17
KW_T_423_25_0164L,2
KW_T_423_25_0166L,4
KW_T_423_25_0168L,4
KW_T_423_25_0170L,4
KW_T_423_25_0172L,2
KW_T_423_25_0174L,5
KW_T_423_25_0177L,4
KW_T_423_25_0179L,4
KW_T_423_25_0182L,4
KW_T_423_25_0184L,15
KW_T_423_25_0186L,5
KW_T_423_25_0188L,4
KW_T_423_25_0190L,4
KW_T_423_25_0192L,4
KW_T_423_2_0013R,20
KW_T_423_2_0015R,19
KW_T_423_2_0019R,5
KW_T_423_2_0021R,5
KW_T_423_2_0023R,5
KW_T_423_2_0025R,5
KW_T_423_2_0027R,5
KW_T_423_2_0029R,15
KW_T_423_2_0031R,7
KW_T_423_2_0033R,5
KW_T_423_2_0035R,16
KW_T_423_2_0037R,19
KW_T_423_2_0043R,13
KW_T_423_2_0051R,21
KW_T_423_2_0053R,15
KW_T_423_2_0055R,11
KW_T_423_2_0057R,12
KW_T_423_2_0061R,5
KW_T_423_2_0067R,6
KW_T_423_2_0069R,5
KW_T_423_2_0071R,5
KW_T_423_2_0075R,19
KW_T_423_2_0083R,7
KW_T_423_2_0085R,8
KW_T_423_2_0087R,2
KW_T_423_2_0089R,10
KW_T_423_2_0093R,5
KW_T_423_2_0095R,18
KW_T_423_2_0097R,18
KW_T_423_2_0099R,20
KW_T_423_2_0101R,7
KW_T_423_2_0109R,15
KW_T_423_2_0111R,19
KW_T_423_2_0113R,15
KW_T_423_2_0121R,15
KW_T_423_2_0123R,7
KW_T_423_2_0125R,21
KW_T_423_2_0127R,21
KW_T_423_2_0129R,21
KW_T_423_2_0131R,8
KW_T_423_2_0133R,8
KW_T_423_2_0137R,15
KW_T_423_2_0139R,15
KW_T_423_2_0141R,14
KW_T_423_2_0143R,15
KW_T_423_2_0145R,15
KW_T_423_2_0147R,15
KW_T_423_2_0151R,14
KW_T_423_2_0153R,14
KW_T_423_2_0155R,15
KW_T_423_2_0165R,22
KW_T_423_2_0171R,0
KW_T_423_3_0012R,5
KW_T_423_3_0014R,5
KW_T_423_3_0016R,5
KW_T_423_3_0018R,5
KW_T_423_3_0020R,5
KW_T_423_3_0022R,5
KW_T_423_3_0024R,5
KW_T_423_3_0026R,5
KW_T_423_3_0028R,5
KW_T_423_3_0030R,15
KW_T_423_3_0032R,14
KW_T_423_3_0036R,12
KW_T_423_3_0038R,22
KW_T_423_3_0040R,19
KW_T_423_3_0042R,22
KW_T_423_3_0044R,20
KW_T_423_3_0050R,22
KW_T_423_3_0052R,13
KW_T_423_3_0054R,7
KW_T_423_3_0056R,7
KW_T_423_3_0058R,21
KW_T_423_3_0062R,12
KW_T_423_3_0064R,5
KW_T_423_3_0066R,5
KW_T_423_3_0068R,6
KW_T_423_3_0070R,5
KW_T_423_3_0072R,7
KW_T_423_3_0074R,21
KW_T_423_3_0076R,17
KW_T_423_3_0078R,21
KW_T_423_3_0080R,5
KW_T_423_3_0082R,7
KW_T_423_3_0086R,22
KW_T_423_3_0088R,18
KW_T_423_3_0090R,18
KW_T_423_3_0092R,18
KW_T_423_3_0096R,20
KW_T_423_3_0098R,22
KW_T_423_3_0102R,21
KW_T_423_3_0106R,22
KW_T_423_3_0108R,21
KW_T_423_3_0110R,21
KW_T_423_3_0114R,21
KW_T_423_3_0116R,9
KW_T_423_3_0118R,8
KW_T_423_3_0120R,8
KW_T_423_3_0122R,8
KW_T_423_3_0124R,9
KW_T_423_3_0126R,9
KW_T_423_3_0130R,15
KW_T_423_3_0132R,15
KW_T_423_3_0134R,15
KW_T_423_3_0138R,14
KW_T_423_3_0140R,15
KW_T_423_3_0142R,15
KW_T_423_3_0144R,15
KW_T_423_3_0146R,15
KW_T_423_3_0150R,7
KW_T_423_3_0152R,15
KW_T_423_3_0154R,15
KW_T_423_3_0156R,22
KW_T_423_3_0160R,6
KW_T_423_3_0162R,6
KW_T_423_3_0164R,5
KW_T_423_3_0166R,18
KW_T_423_3_0167R,5
KW_T_423_4_0011L,22
KW_T_423_4_0013L,21
KW_T_423_4_0015L,18
KW_T_423_4_0019L,5
KW_T_423_4_0021L,5
KW_T_423_4_0023L,5
KW_T_423_4_0025L,5
KW_T_423_4_0027L,6
KW_T_423_4_0029L,6
KW_T_423_4_0031L,5
KW_T_423_4_0035L,18
KW_T_423_4_0037L,22
KW_T_423_4_0039L,19
KW_T_423_4_0041L,2
KW_T_423_4_0043L,11
KW_T_423_4_0045L,12
KW_T_423_4_0047L,12
KW_T_423_4_0049L,11
KW_T_423_4_0051L,10
KW_T_423_4_0053L,21
KW_T_423_4_0055L,5
KW_T_423_4_0059L,5
KW_T_423_4_0061L,5
KW_T_423_4_0063L,5
KW_T_423_4_0065L,17
KW_T_423_4_0067L,5
KW_T_423_4_0069L,21
KW_T_423_4_0073L,22
KW_T_423_4_0075L,22
KW_T_423_4_0077L,22
KW_T_423_4_0087L,8
KW_T_423_4_0089L,8
KW_T_423_4_0091L,2
KW_T_423_4_0093L,8
KW_T_423_4_0097L,10
KW_T_423_4_0099L,10
KW_T_423_4_0105L,18
KW_T_423_4_0107L,18
KW_T_423_4_0109L,18
KW_T_423_4_0111L,18
KW_T_423_4_0115L,15
KW_T_423_4_0117L,21
KW_T_423_4_0125L,8
KW_T_423_4_0127L,21
KW_T_423_4_0129L,9
KW_T_423_4_0131L,21
KW_T_423_4_0135L,14
KW_T_423_4_0137L,15
KW_T_423_4_0139L,15
KW_T_423_4_0141L,22
KW_T_423_4_0143L,15
KW_T_423_4_0147L,11
KW_T_423_4_0149L,15
KW_T_423_4_0151L,15
KW_T_423_4_0153L,6
KW_T_423_4_0155L,6
KW_T_423_4_0157L,5
KW_T_423_4_0161L,1
KW_T_423_4_0163L,6
KW_T_423_5_0010R,12
KW_T_423_5_0012R,21
KW_T_423_5_0014R,12
KW_T_423_5_0016R,9
KW_T_423_5_0020R,15
KW_T_423_5_0024R,7
KW_T_423_5_0028R,18
KW_T_423_5_0030L,7
KW_T_423_5_0034L,18
KW_T_423_5_0040L,5
KW_T_423_5_0042L,17
KW_T_423_5_0046L,10
KW_T_423_5_0048L,5
KW_T_423_5_0050L,20
KW_T_423_5_0052L,22
KW_T_423_5_0054L,15
KW_T_423_5_0058L,1
KW_T_423_5_0060L,18
KW_T_423_5_0064L,12
KW_T_423_5_0066L,5
KW_T_423_5_0068L,14
KW_T_423_5_0074L,5
KW_T_423_5_0076L,22
KW_T_423_5_0082L,5
KW_T_423_5_0084L,5
KW_T_423_5_0086L,5
KW_T_423_5_0090L,5
KW_T_423_5_0092L,5
KW_T_423_5_0094L,22
KW_T_423_5_0096L,14
KW_T_423_5_0098L,5
KW_T_423_5_0100L,5
KW_T_423_5_0102L,21
KW_T_423_5_0104L,16
KW_T_423_5_0106L,9
KW_T_423_5_0108L,15
KW_T_423_5_0110L,5
KW_T_423_5_0112L,22
KW_T_423_5_0114L,12
KW_T_423_5_0116L,17
KW_T_423_5_0120L,22
KW_T_423_5_0122L,5
KW_T_423_5_0124L,21
KW_T_423_5_0126L,21
KW_T_423_5_0128L,19
KW_T_423_5_0130L,5
KW_T_423_5_0132L,5
KW_T_423_5_0134L,21
KW_T_423_5_0136L,21
KW_T_423_5_0138L,22
KW_T_423_5_0140L,21
KW_T_423_5_0144L,21
KW_T_423_5_0146L,18
KW_T_423_5_0148L,10
KW_T_423_5_0150L,21
KW_T_423_5_0152L,12
KW_T_423_5_0154L,12
KW_T_423_5_0156L,5
KW_T_423_5_0158L,5
KW_T_423_5_0160L,12
KW_T_423_5_0162L,22
KW_T_423_5_0164L,10
KW_T_423_5_0166L,2
KW_T_423_6_0009R,20
KW_T_423_6_0011L,5
KW_T_423_6_0015L,22
KW_T_423_6_0019L,5
KW_T_423_6_0021L,5
KW_T_423_6_0023L,19
KW_T_423_6_0027L,14
KW_T_423_6_0029L,5
KW_T_423_6_0031L,7
KW_T_423_6_0033L,7
KW_T_423_6_0035L,21
KW_T_423_6_0039L,5
KW_T_423_6_0041L,18
KW_T_423_6_0043L,21
KW_T_423_6_0047L,21
KW_T_423_6_0049L,19
KW_T_423_6_0051L,17
KW_T_423_6_0057L,14
KW_T_423_6_0059L,16
KW_T_423_6_0061L,21
KW_T_423_6_0063L,22
KW_T_423_6_0065L,21
KW_T_423_6_0067L,1
KW_T_423_6_0069L,22
KW_T_423_6_0071L,18
KW_T_423_6_0073L,17
KW_T_423_6_0075L,22
KW_T_423_6_0077L,5
KW_T_423_6_0079L,5
KW_T_423_6_0083L,15
KW_T_423_6_0085L,0
KW_T_423_6_0087L,3
KW_T_423_6_0091L,17
KW_T_423_6_0093L,8
KW_T_423_6_0095L,21
KW_T_423_6_0097L,0
KW_T_423_6_0099L,5
KW_T_423_6_0101L,5
KW_T_423_6_0103L,22
KW_T_423_6_0107L,15
KW_T_423_6_0109L,22
KW_T_423_6_0111L,5
KW_T_423_6_0113L,5
KW_T_423_6_0115L,18
KW_T_423_6_0119L,5
KW_T_423_6_0121L,6
KW_T_423_6_0125L,12
KW_T_423_6_0127L,10
KW_T_423_6_0129L,5
KW_T_423_6_0133L,10
KW_T_423_6_0135L,10
KW_T_423_6_0139L,5
KW_T_423_6_0141L,5
KW_T_423_6_0143L,5
KW_T_423_6_0145L,5
KW_T_423_6_0147L,5
KW_T_423_6_0149L,5
KW_T_423_6_0151L,12
KW_T_423_6_0153L,12
KW_T_423_6_0155L,7
KW_T_423_6_0159L,20
KW_T_423_6_0161L,16
KW_T_423_6_0163L,20
KW_T_423_6_0167L,21
KW_T_423_7_0009L,5
KW_T_423_7_0011L,5
KW_T_423_7_0013L,22
KW_T_423_7_0015L,10
KW_T_423_7_0017L,6
KW_T_423_7_0019L,5
KW_T_423_7_0021L,9
KW_T_423_7_0023L,0
KW_T_423_7_0025L,0
KW_T_423_7_0027L,0
KW_T_423_7_0029L,5
KW_T_423_7_0031L,21
KW_T_423_7_0035L,1
KW_T_423_7_0037L,4
KW_T_423_7_0041L,5
KW_T_423_7_0043L,19
KW_T_423_7_0045L,12
KW_T_423_7_0047L,21
KW_T_423_7_0051L,11
KW_T_423_7_0053L,11
KW_T_423_7_0055L,10
KW_T_423_7_0057L,10
KW_T_423_7_0059L,21
KW_T_423_7_0061L,21
KW_T_423_7_0063L,18
KW_T_423_7_0067L,3
KW_T_423_7_0071L,5
KW_T_423_7_0073L,16
KW_T_423_7_0075L,14
KW_T_423_7_0077L,1
KW_T_423_7_0081L,5
KW_T_423_7_0083L,21
KW_T_423_7_0085L,10
KW_T_423_7_0089L,5
KW_T_423_7_0091L,5
KW_T_423_7_0095L,16
KW_T_423_7_0097L,5
KW_T_423_7_0099L,5
KW_T_423_7_0101L,16
KW_T_423_7_0103L,5
KW_T_423_7_0105L,6
KW_T_423_7_0107L,3
KW_T_423_7_0109L,5
KW_T_423_7_0111L,17
KW_T_423_7_0113L,17
KW_T_423_7_0115L,6
KW_T_423_7_0119L,5
KW_T_423_7_0121L,5
KW_T_423_7_0123L,21
KW_T_423_7_0125L,7
KW_T_423_7_0127L,15
KW_T_423_7_0135L,5
KW_T_423_7_0137L,0
KW_T_423_7_0139L,5
KW_T_423_7_0143L,21
KW_T_423_7_0145L,16
KW_T_423_7_0147L,5
KW_T_423_7_0151L,7
KW_T_423_7_0153L,16
KW_T_423_7_0157L,5
KW_T_423_7_0159L,21
KW_T_423_7_0161L,21
KW_T_423_7_0163L,9
KW_T_423_7_0165L,9
KW_T_423_7_0167L,7
KW_T_423_8_0011L,5
KW_T_423_8_0013L,21
KW_T_423_8_0015L,22
KW_T_423_8_0017L,15
KW_T_423_8_0019L,15
KW_T_423_8_0023L,12
KW_T_423_8_0025L,17
KW_T_423_8_0029L,18
KW_T_423_8_0031L,5
KW_T_423_8_0033L,22
KW_T_423_8_0035L,2
KW_T_423_8_0037L,14
KW_T_423_8_0039L,0
KW_T_423_8_0041L,5
KW_T_423_8_0043L,5
KW_T_423_8_0045L,22
KW_T_423_8_0047L,22
KW_T_423_8_0051L,5
KW_T_423_8_0055L,16
KW_T_423_8_0057L,5
KW_T_423_8_0063L,5
KW_T_423_8_0065L,7
KW_T_423_8_0069L,4
KW_T_423_8_0073L,5
KW_T_423_8_0075L,5
KW_T_423_8_0079L,20
KW_T_423_8_0081L,21
KW_T_423_8_0089L,14
KW_T_423_8_0091L,5
KW_T_423_8_0095L,3
KW_T_423_8_0097L,3
KW_T_423_8_0103L,5
KW_T_423_8_0105L,22
KW_T_423_8_0107L,18
KW_T_423_8_0109L,6
KW_T_423_8_0111L,5
KW_T_423_8_0113L,22
KW_T_423_8_0119L,10
KW_T_423_8_0121L,10
KW_T_423_8_0123L,4
KW_T_423_8_0125L,4
KW_T_423_8_0127L,3
KW_T_423_8_0129L,21
KW_T_423_8_0133L,5
KW_T_423_8_0137L,4
KW_T_423_8_0139L,4
KW_T_423_8_0141L,5
KW_T_423_8_0143L,15
KW_T_423_8_0147L,3
KW_T_423_8_0149L,4
KW_T_423_8_0151L,22
KW_T_423_8_0153L,5
KW_T_423_8_0155L,5
KW_T_423_8_0159L,3
KW_T_423_8_0161L,5
KW_T_423_8_0165L,5
KW_T_423_8_0167L,5
KW_T_423_8_0169L,5
KW_T_423_9_0010L,19
KW_T_423_9_0016L,5
KW_T_423_9_0022L,22
KW_T_423_9_0024L,17
KW_T_423_9_0026L,7
KW_T_423_9_0028L,5
KW_T_423_9_0030L,5
KW_T_423_9_0032L,21
KW_T_423_9_0034L,15
KW_T_423_9_0038L,4
KW_T_423_9_0040L,5
KW_T_423_9_0042L,19
KW_T_423_9_0044L,22
KW_T_423_9_0046L,4
KW_T_423_9_0048L,4
KW_T_423_9_0050L,5
KW_T_423_9_0052L,6
KW_T_423_9_0054L,16
KW_T_423_9_0056L,8
KW_T_423_9_0062L,5
KW_T_423_9_0064L,8
KW_T_423_9_0066L,3
KW_T_423_9_0068L,4
KW_T_423_9_0070L,21
KW_T_423_9_0072L,7
KW_T_423_9_0074L,15
KW_T_423_9_0076L,4
KW_T_423_9_0078L,3
KW_T_423_9_0080L,5
KW_T_423_9_0084L,5
KW_T_423_9_0086L,3
KW_T_423_9_0088L,3
KW_T_423_9_0090L,22
KW_T_423_9_0094L,22
KW_T_423_9_0096L,3
KW_T_423_9_0098L,16
KW_T_423_9_0100L,21
KW_T_423_9_0102L,21
KW_T_423_9_0104L,5
KW_T_423_9_0106L,19
KW_T_423_9_0108L,4
KW_T_423_9_0110L,5
KW_T_423_9_0112L,5
KW_T_423_9_0114L,14
KW_T_423_9_0116L,5
KW_T_423_9_0118L,4
KW_T_423_9_0120L,21
KW_T_423_9_0122L,5
KW_T_423_9_0124L,20
KW_T_423_9_0126L,18
KW_T_423_9_0128L,3
KW_T_423_9_0130L,17
KW_T_423_9_0132L,22
KW_T_423_9_0134L,22
KW_T_423_9_0136L,22
KW_T_423_9_0138L,3
KW_T_423_9_0140L,11
KW_T_423_9_0142L,22
KW_T_423_9_0144L,9
KW_T_423_9_0150L,10
KW_T_423_9_0152L,21
KW_T_423_9_0154L,20
KW_T_423_9_0158L,4
KW_T_423_9_0160L,5
KW_T_423_9_0164L,22
KW_T_423_9_0166L,19
KW_T_423_9_0168L,4
KW_T_423a_26_0122R,2
KW_T_423a_26_0123R,5
KW_T_423a_26_0124R,5
KW_T_423a_26_0125R,4
KW_T_423a_26_0126R,3
KW_T_423a_26_0127R,2
KW_T_423a_26_0128R,17
KW_T_423a_26_0129R,4
KW_T_423a_26_0130R,4
KW_T_423a_26_0131R,4
KW_T_423a_26_0132R,15
KW_T_423a_26_0134R,4
KW_T_423a_26_0135R,4
KW_T_423a_26_0136R,4
KW_T_423a_26_0137R,2
KW_T_423a_26_0138R,22
KW_T_423a_26_0139R,22
KW_T_423a_26_0140R,4
KW_T_423a_26_0141R,4
KW_T_423a_26_0142R,2
KW_T_423a_26_0144R,4
KW_T_423a_26_0145R,4
KW_T_423a_26_0147R,22
KW_T_423a_26_0148R,4
KW_T_423a_26_0149R,4
KW_T_423a_26_0151R,17
KW_T_423a_26_0152R,4
KW_T_423a_26_0153R,4
KW_T_423a_26_0154R,2
KW_T_423a_26_0155R,22
KW_T_423a_26_0156R,7
KW_T_423a_26_0157R,4
KW_T_423a_26_0158R,4
KW_T_423a_26_0159R,4
KW_T_423a_26_0160R,4
KW_T_423a_26_0161R,4
KW_T_423a_26_0162R,2
KW_T_423a_26_0163R,19
KW_T_423a_26_0164R,2
KW_T_423a_26_0165R,22
KW_T_423a_26_0166R,4
KW_T_423a_26_0167R,4
KW_T_423a_26_0168R,4
KW_T_423a_26_0169R,4
KW_T_423a_26_0170R,2
KW_T_423a_26_0171R,7
KW_T_423a_26_0172R,4
KW_T_423a_26_0173R,4
KW_T_423a_26_0175R,5
KW_T_423a_26_0176R,4
KW_T_423a_26_0177R,4
KW_T_423a_26_0178R,2
KW_T_423a_26_0179R,21
KW_T_423a_26_0180R,3
KW_T_423a_26_0181R,4
KW_T_423a_26_0182R,9
KW_T_423a_26_0183R,18
KW_T_423a_26_0184R,4
KW_T_423a_26_0185R,4
KW_T_423a_26_0186R,2
KW_T_423a_26_0187R,13
KW_T_423a_26_0188R,4
KW_T_423a_26_0189R,4
KW_T_423a_26_0190R,2
KW_T_423a_26_0191R,19
KW_T_423a_26_0192R,4
KW_T_423a_26_0193R,4
KW_T_423a_26_0194R,2
KW_T_423a_26_0195R,4
KW_T_423a_26_0196R,4
KW_T_423a_26_0197R,4
KW_T_423a_26_0199R,4
KW_T_423a_26_0200R,4
KW_T_423a_26_0201R,4
KW_T_423a_27_0133R,2
KW_T_423a_27_0134R,15
KW_T_423a_27_0135R,4
KW_T_423a_27_0136R,4
KW_T_423a_27_0137R,2
KW_T_423a_27_0138R,10
KW_T_423a_27_0139R,4
KW_T_423a_27_0140R,4
KW_T_423a_27_0141R,2
KW_T_423a_27_0142R,21
KW_T_423a_27_0143R,4
KW_T_423a_27_0144R,4
KW_T_423a_27_0147R,3
KW_T_423a_27_0148R,4
KW_T_423a_27_0149R,2
KW_T_423a_27_0150R,5
KW_T_423a_27_0151R,4
KW_T_423a_27_0152R,4
KW_T_423a_27_0153R,2
KW_T_423a_27_0154R,4
KW_T_423a_27_0155R,4
KW_T_423a_27_0156R,4
KW_T_423a_27_0157R,22
KW_T_423a_27_0158R,4
KW_T_423a_27_0159R,3
KW_T_423a_27_0160R,7
KW_T_423a_27_0161R,2
KW_T_423a_27_0163R,4
KW_T_423a_27_0164R,4
KW_T_423a_27_0166R,2
KW_T_423a_27_0167R,4
KW_T_423a_27_0168R,4
KW_T_423a_27_0169R,2
KW_T_423a_27_0170R,4
KW_T_423a_27_0171R,4
KW_T_423a_27_0172R,4
KW_T_423a_27_0173R,2
KW_T_423a_27_0174R,4
KW_T_423a_27_0175R,4
KW_T_423a_27_0176R,4
KW_T_423a_27_0177R,14
KW_T_423a_27_0178R,22
KW_T_423a_27_0179R,4
KW_T_423a_27_0180R,4
KW_T_423a_27_0181R,2
KW_T_423a_27_0182R,14
KW_T_423a_27_0183R,4
KW_T_423a_27_0184R,4
KW_T_423a_27_0185R,2
KW_T_423a_27_0186R,10
KW_T_423a_27_0187R,4
KW_T_423a_27_0188R,3
KW_T_423a_27_0189R,2
KW_T_423a_27_0190R,13
KW_T_423a_27_0191R,4
KW_T_423a_27_0192R,4
KW_T_423a_27_0193R,2
KW_T_423a_27_0194R,3
KW_T_423a_27_0195R,4
KW_T_423a_27_0196R,4
KW_T_423a_27_0197R,2
KW_T_423a_27_0198R,3
KW_T_423a_27_0199R,4
KW_T_423a_27_0201R,2
KW_T_423a_27_0202R,4
KW_T_423a_27_0203R,4
KW_T_423a_27_0204R,4
KW_T_423a_27_0205R,2
KW_T_423a_27_0206R,3
KW_T_423a_27_0207R,4
KW_T_423a_27_0208R,3
KW_T_423a_27_0209R,2
KW_T_423a_27_0210R,4
KW_T_423a_27_0211R,4
KW_T_423a_27_0212R,3
KW_T_423a_28_0106R,2
KW_T_423a_28_0107R,4
KW_T_423a_28_0108R,4
KW_T_423a_28_0109R,4
KW_T_423a_28_0110R,2
KW_T_423a_28_0111R,4
KW_T_423a_28_0112R,4
KW_T_423a_28_0113R,4
KW_T_423a_28_0114R,2
KW_T_423a_28_0115R,4
KW_T_423a_28_0116R,4
KW_T_423a_28_0117R,4
KW_T_423a_28_0118R,2
KW_T_423a_28_0119R,4
KW_T_423a_28_0120R,4
KW_T_423a_28_0121R,4
KW_T_423a_28_0122R,2
KW_T_423a_28_0123R,4
KW_T_423a_28_0124R,4
KW_T_423a_28_0125R,4
KW_T_423a_28_0126R,2
KW_T_423a_28_0127R,4
KW_T_423a_28_0128R,4
KW_T_423a_28_0129R,4
KW_T_423a_28_0130R,2
KW_T_423a_28_0131R,4
KW_T_423a_28_0132R,4
KW_T_423a_28_0133R,4
KW_T_423a_28_0134R,2
KW_T_423a_28_0135R,4
KW_T_423a_28_0136R,4
KW_T_423a_28_0137R,4
KW_T_423a_28_0138R,2
KW_T_423a_28_0139R,4
KW_T_423a_28_0140R,4
KW_T_423a_28_0141R,4
KW_T_423a_28_0142R,2
KW_T_423a_28_0143R,7
KW_T_423a_28_0144R,4
KW_T_423a_28_0145R,4
KW_T_423a_28_0146R,2
KW_T_423a_28_0147R,4
KW_T_423a_28_0148R,4
KW_T_423a_28_0149R,4
KW_T_423a_28_0150R,2
KW_T_423a_28_0151R,4
KW_T_423a_28_0152R,4
KW_T_423a_28_0153R,4
KW_T_423a_28_0154R,10
KW_T_423a_28_0155R,3
KW_T_423a_28_0156R,7
KW_T_423a_28_0157R,4
KW_T_423a_28_0158R,8
KW_T_423a_28_0159R,4
KW_T_423a_28_0160R,4
KW_T_423a_28_0161R,4
KW_T_423a_28_0162R,22
KW_T_423a_28_0163R,3
KW_T_423a_28_0164R,4
KW_T_423a_28_0165R,4
KW_T_423a_28_0167R,4
KW_T_423a_28_0168R,4
KW_T_423a_28_0169R,4
KW_T_423a_28_0170R,20
KW_T_423a_28_0171R,5
KW_T_423a_28_0172R,4
KW_T_423a_28_0173R,3
KW_T_423a_28_0174R,21
KW_T_423a_28_0175R,5
KW_T_423a_28_0176R,4
KW_T_423a_28_0177R,4
KW_T_423a_28_0178R,18
KW_T_423a_28_0179R,21
KW_T_423a_28_0180R,4
KW_T_423a_28_0181R,3
KW_T_423a_28_0183R,8
KW_T_423a_28_0184R,4
KW_T_423a_28_0185R,4
