plant_id,clip,combined,dinov2,plantnet
KW_T_423_10_0011L,3.0,4.0,5.0,5.0
KW_T_423_10_0013L,3.0,22.0,22.0,5.0
KW_T_423_10_0015L,2.0,0.0,0.0,0.0
KW_T_423_10_0017L,3.0,2.0,3.0,5.0
KW_T_423_10_0020L,0.0,2.0,4.0,3.0
KW_T_423_10_0022L,3.0,,14.0,5.0
KW_T_423_10_0024L,3.0,,7.0,5.0
KW_T_423_10_0026L,3.0,15.0,14.0,5.0
KW_T_423_10_0028L,3.0,3.0,3.0,5.0
KW_T_423_10_0030L,0.0,2.0,4.0,3.0
KW_T_423_10_0032L,3.0,16.0,16.0,5.0
KW_T_423_10_0034L,3.0,14.0,21.0,5.0
KW_T_423_10_0036L,3.0,8.0,,5.0
KW_T_423_10_0038L,3.0,2.0,3.0,5.0
KW_T_423_10_0040L,0.0,2.0,4.0,3.0
KW_T_423_10_0042L,3.0,4.0,5.0,5.0
KW_T_423_10_0044L,3.0,,,5.0
KW_T_423_10_0046L,0.0,2.0,4.0,3.0
KW_T_423_10_0048L,0.0,2.0,4.0,3.0
KW_T_423_10_0050L,0.0,2.0,4.0,3.0
KW_T_423_10_0052L,3.0,4.0,5.0,5.0
KW_T_423_10_0054L,3.0,22.0,22.0,5.0
KW_T_423_10_0056L,0.0,2.0,4.0,3.0
KW_T_423_10_0058L,0.0,2.0,4.0,3.0
KW_T_423_10_0060L,0.0,2.0,4.0,3.0
KW_T_423_10_0062L,3.0,7.0,10.0,5.0
KW_T_423_10_0064L,3.0,14.0,,5.0
KW_T_423_10_0066L,3.0,7.0,10.0,5.0
KW_T_423_10_0068L,0.0,2.0,4.0,3.0
KW_T_423_10_0070L,0.0,2.0,4.0,3.0
KW_T_423_10_0072L,3.0,4.0,5.0,5.0
KW_T_423_10_0074L,3.0,22.0,,5.0
KW_T_423_10_0076L,3.0,8.0,9.0,5.0
KW_T_423_10_0077L,0.0,2.0,4.0,3.0
KW_T_423_10_0079L,0.0,2.0,4.0,3.0
KW_T_423_10_0081L,3.0,4.0,5.0,5.0
KW_T_423_10_0083L,3.0,7.0,10.0,5.0
KW_T_423_10_0085L,3.0,20.0,18.0,5.0
KW_T_423_10_0087L,3.0,4.0,5.0,5.0
KW_T_423_10_0089L,0.0,2.0,4.0,3.0
KW_T_423_10_0091L,3.0,4.0,5.0,5.0
KW_T_423_10_0093L,3.0,16.0,21.0,5.0
KW_T_423_10_0095L,3.0,,,5.0
KW_T_423_10_0097L,1.0,3.0,,4.0
KW_T_423_10_0099L,0.0,2.0,4.0,3.0
KW_T_423_10_0101L,3.0,14.0,,5.0
KW_T_423_10_0103L,3.0,,22.0,5.0
KW_T_423_10_0105L,3.0,4.0,5.0,5.0
KW_T_423_10_0107L,0.0,2.0,4.0,3.0
KW_T_423_10_0109L,0.0,2.0,4.0,3.0
KW_T_423_10_0111L,3.0,4.0,5.0,5.0
KW_T_423_10_0113L,3.0,7.0,,5.0
KW_T_423_10_0115L,3.0,,,5.0
KW_T_423_10_0117L,3.0,6.0,15.0,5.0
KW_T_423_10_0119L,0.0,2.0,4.0,3.0
KW_T_423_10_0121L,3.0,7.0,,5.0
KW_T_423_10_0123L,3.0,,,5.0
KW_T_423_10_0125L,3.0,22.0,22.0,5.0
KW_T_423_10_0127L,1.0,,0.0,5.0
KW_T_423_10_0129L,0.0,2.0,4.0,3.0
KW_T_423_10_0131L,3.0,8.0,,5.0
KW_T_423_10_0133L,3.0,4.0,5.0,5.0
KW_T_423_10_0135L,3.0,16.0,,5.0
KW_T_423_10_0137L,0.0,2.0,4.0,3.0
KW_T_423_10_0139L,0.0,2.0,4.0,3.0
KW_T_423_10_0141L,3.0,,,5.0
KW_T_423_10_0143L,3.0,7.0,,5.0
KW_T_423_10_0145L,3.0,,15.0,5.0
KW_T_423_10_0147L,0.0,2.0,4.0,3.0
KW_T_423_10_0149L,0.0,2.0,4.0,3.0
KW_T_423_10_0151L,3.0,4.0,5.0,5.0
KW_T_423_10_0153L,3.0,4.0,5.0,5.0
KW_T_423_10_0155L,3.0,7.0,,5.0
KW_T_423_10_0157L,3.0,2.0,4.0,3.0
KW_T_423_10_0159L,0.0,2.0,3.0,3.0
KW_T_423_10_0161L,3.0,3.0,5.0,5.0
KW_T_423_10_0163L,3.0,18.0,17.0,5.0
KW_T_423_10_0165L,3.0,,,5.0
KW_T_423_10_0167L,0.0,2.0,4.0,3.0
KW_T_423_10_0169L,0.0,2.0,4.0,3.0
KW_T_423_11_0010L,3.0,4.0,5.0,5.0
KW_T_423_11_0012L,3.0,22.0,22.0,5.0
KW_T_423_11_0014L,3.0,8.0,9.0,5.0
KW_T_423_11_0016L,0.0,2.0,4.0,3.0
KW_T_423_11_0018L,0.0,2.0,4.0,3.0
KW_T_423_11_0020L,3.0,2.0,3.0,5.0
KW_T_423_11_0022L,3.0,20.0,19.0,5.0
KW_T_423_11_0024L,3.0,21.0,,5.0
KW_T_423_11_0026L,3.0,2.0,3.0,3.0
KW_T_423_11_0028L,0.0,2.0,4.0,3.0
KW_T_423_11_0030L,3.0,7.0,11.0,5.0
KW_T_423_11_0032L,3.0,7.0,5.0,5.0
KW_T_423_11_0034L,3.0,,,5.0
KW_T_423_11_0036L,3.0,2.0,3.0,3.0
KW_T_423_11_0038L,0.0,2.0,4.0,3.0
KW_T_423_11_0040L,3.0,7.0,,5.0
KW_T_423_11_0042L,3.0,,22.0,5.0
KW_T_423_11_0044L,3.0,14.0,,5.0
KW_T_423_11_0046L,3.0,10.0,1.0,5.0
KW_T_423_11_0048L,0.0,2.0,4.0,3.0
KW_T_423_11_0050L,3.0,20.0,,5.0
KW_T_423_11_0052L,3.0,5.0,8.0,5.0
KW_T_423_11_0054L,3.0,8.0,,5.0
KW_T_423_11_0056L,0.0,2.0,4.0,3.0
KW_T_423_11_0058L,0.0,2.0,4.0,3.0
KW_T_423_11_0060L,3.0,7.0,,5.0
KW_T_423_11_0062L,3.0,10.0,,5.0
KW_T_423_11_0064L,3.0,20.0,18.0,5.0
KW_T_423_11_0066L,0.0,2.0,4.0,3.0
KW_T_423_11_0068L,0.0,2.0,4.0,3.0
KW_T_423_11_0070L,3.0,4.0,5.0,5.0
KW_T_423_11_0072L,3.0,6.0,15.0,5.0
KW_T_423_11_0074L,3.0,21.0,,5.0
KW_T_423_11_0076L,3.0,4.0,5.0,5.0
KW_T_423_11_0078L,0.0,2.0,4.0,3.0
KW_T_423_11_0080L,3.0,5.0,8.0,5.0
KW_T_423_11_0082L,3.0,16.0,21.0,5.0
KW_T_423_11_0084L,3.0,,,
KW_T_423_11_0086L,3.0,2.0,3.0,5.0
KW_T_423_11_0089L,1.0,,3.0,5.0
KW_T_423_11_0091L,3.0,5.0,8.0,5.0
KW_T_423_11_0093L,3.0,,22.0,5.0
KW_T_423_11_0095L,3.0,21.0,8.0,5.0
KW_T_423_11_0097L,0.0,2.0,4.0,3.0
KW_T_423_11_0099L,0.0,2.0,4.0,3.0
KW_T_423_11_0101L,3.0,4.0,5.0,5.0
KW_T_423_11_0103L,3.0,,,5.0
KW_T_423_11_0105L,3.0,21.0,,5.0
KW_T_423_11_0107L,3.0,2.0,3.0,5.0
KW_T_423_11_0109L,3.0,2.0,3.0,5.0
KW_T_423_11_0111L,3.0,18.0,,5.0
KW_T_423_11_0113L,3.0,4.0,5.0,5.0
KW_T_423_11_0115L,3.0,,19.0,5.0
KW_T_423_11_0117L,3.0,2.0,3.0,5.0
KW_T_423_11_0119L,1.0,2.0,3.0,4.0
KW_T_423_11_0121L,3.0,,22.0,5.0
KW_T_423_11_0123L,3.0,21.0,,5.0
KW_T_423_11_0125L,3.0,2.0,3.0,5.0
KW_T_423_11_0127L,3.0,2.0,,5.0
KW_T_423_11_0129L,1.0,2.0,3.0,3.0
KW_T_423_11_0131L,3.0,20.0,,5.0
KW_T_423_11_0133L,3.0,18.0,13.0,5.0
KW_T_423_11_0135L,3.0,7.0,10.0,5.0
KW_T_423_11_0137L,3.0,2.0,1.0,5.0
KW_T_423_11_0139L,3.0,,,5.0
KW_T_423_11_0141L,3.0,13.0,15.0,1.0
KW_T_423_11_0143L,3.0,15.0,14.0,5.0
KW_T_423_11_0145L,3.0,,,5.0
KW_T_423_11_0147L,3.0,4.0,5.0,5.0
KW_T_423_11_0149L,3.0,3.0,3.0,5.0
KW_T_423_11_0151L,3.0,21.0,21.0,5.0
KW_T_423_11_0153L,3.0,,,5.0
KW_T_423_11_0155L,2.0,0.0,0.0,0.0
KW_T_423_11_0157L,0.0,2.0,4.0,3.0
KW_T_423_11_0159L,0.0,2.0,4.0,
KW_T_423_11_0161L,3.0,4.0,5.0,5.0
KW_T_423_11_0163L,3.0,14.0,20.0,5.0
KW_T_423_11_0165L,3.0,,15.0,5.0
KW_T_423_11_0167L,3.0,,15.0,5.0
KW_T_423_12_0010L,3.0,22.0,22.0,5.0
KW_T_423_12_0012L,3.0,2.0,3.0,5.0
KW_T_423_12_0014L,3.0,7.0,11.0,5.0
KW_T_423_12_0016L,3.0,3.0,,5.0
KW_T_423_12_0018L,3.0,0.0,0.0,5.0
KW_T_423_12_0020L,3.0,2.0,3.0,5.0
KW_T_423_12_0022L,3.0,,,5.0
KW_T_423_12_0024L,3.0,7.0,10.0,5.0
KW_T_423_12_0026L,3.0,,,5.0
KW_T_423_12_0028L,2.0,0.0,0.0,5.0
KW_T_423_12_0030L,3.0,15.0,,5.0
KW_T_423_12_0032L,3.0,3.0,8.0,5.0
KW_T_423_12_0034L,3.0,17.0,22.0,5.0
KW_T_423_12_0036L,1.0,2.0,3.0,5.0
KW_T_423_12_0038L,1.0,2.0,3.0,5.0
KW_T_423_12_0040L,3.0,7.0,,5.0
KW_T_423_12_0042L,3.0,22.0,22.0,5.0
KW_T_423_12_0044L,3.0,,7.0,5.0
KW_T_423_12_0046L,0.0,2.0,4.0,3.0
KW_T_423_12_0048L,3.0,3.0,5.0,5.0
KW_T_423_12_0050L,3.0,,19.0,5.0
KW_T_423_12_0052L,3.0,,,5.0
KW_T_423_12_0054L,3.0,3.0,5.0,5.0
KW_T_423_12_0056L,3.0,12.0,7.0,5.0
KW_T_423_12_0058L,3.0,4.0,5.0,5.0
KW_T_423_12_0060L,3.0,21.0,22.0,5.0
KW_T_423_12_0062L,3.0,16.0,21.0,5.0
KW_T_423_12_0064L,3.0,,7.0,5.0
KW_T_423_12_0066L,1.0,2.0,,4.0
KW_T_423_12_0068L,3.0,16.0,,5.0
KW_T_423_12_0070L,3.0,,,5.0
KW_T_423_12_0072L,3.0,4.0,5.0,5.0
KW_T_423_12_0074L,3.0,16.0,21.0,5.0
KW_T_423_12_0076L,3.0,2.0,3.0,5.0
KW_T_423_12_0078L,1.0,2.0,3.0,4.0
KW_T_423_12_0080L,3.0,,,5.0
KW_T_423_12_0081R,3.0,3.0,5.0,5.0
KW_T_423_12_0083L,3.0,16.0,,5.0
KW_T_423_12_0085L,2.0,0.0,0.0,0.0
KW_T_423_12_0087L,3.0,,,5.0
KW_T_423_12_0089L,3.0,,22.0,5.0
KW_T_423_12_0091L,3.0,15.0,,5.0
KW_T_423_12_0093L,3.0,,,5.0
KW_T_423_12_0095L,3.0,16.0,16.0,5.0
KW_T_423_12_0097L,2.0,0.0,0.0,5.0
KW_T_423_12_0099L,3.0,5.0,8.0,5.0
KW_T_423_12_0101L,3.0,14.0,21.0,5.0
KW_T_423_12_0103L,1.0,2.0,,5.0
KW_T_423_12_0105L,3.0,,,2.0
KW_T_423_12_0107L,0.0,2.0,3.0,3.0
KW_T_423_12_0109L,3.0,,1.0,2.0
KW_T_423_12_0111L,3.0,14.0,,5.0
KW_T_423_12_0113L,3.0,,,5.0
KW_T_423_12_0115L,0.0,2.0,4.0,3.0
KW_T_423_12_0117L,3.0,,,5.0
KW_T_423_12_0119L,0.0,2.0,4.0,3.0
KW_T_423_12_0121L,0.0,2.0,4.0,3.0
KW_T_423_12_0123L,1.0,2.0,3.0,4.0
KW_T_423_12_0125L,1.0,2.0,3.0,4.0
KW_T_423_12_0127L,3.0,4.0,5.0,5.0
KW_T_423_12_0129L,3.0,22.0,5.0,5.0
KW_T_423_12_0131L,3.0,21.0,,5.0
KW_T_423_12_0133L,0.0,2.0,4.0,3.0
KW_T_423_12_0135L,3.0,,,5.0
KW_T_423_12_0137L,3.0,2.0,3.0,5.0
KW_T_423_12_0139L,3.0,4.0,5.0,5.0
KW_T_423_12_0141L,3.0,4.0,5.0,5.0
KW_T_423_12_0143L,0.0,2.0,4.0,3.0
KW_T_423_12_0145L,1.0,2.0,3.0,4.0
KW_T_423_12_0147L,3.0,6.0,15.0,5.0
KW_T_423_12_0149L,3.0,4.0,5.0,5.0
KW_T_423_12_0151L,3.0,7.0,12.0,5.0
KW_T_423_12_0153L,2.0,0.0,0.0,0.0
KW_T_423_12_0155L,3.0,16.0,16.0,5.0
KW_T_423_12_0157L,3.0,7.0,10.0,5.0
KW_T_423_12_0159L,3.0,6.0,15.0,5.0
KW_T_423_12_0161L,3.0,,,5.0
KW_T_423_12_0163L,3.0,7.0,12.0,5.0
KW_T_423_12_0165L,1.0,,,4.0
KW_T_423_12_0167L,3.0,4.0,5.0,
KW_T_423_13_0010L,3.0,4.0,5.0,5.0
KW_T_423_13_0012L,3.0,4.0,5.0,5.0
KW_T_423_13_0014L,3.0,4.0,5.0,5.0
KW_T_423_13_0016L,3.0,4.0,5.0,5.0
KW_T_423_13_0018L,3.0,4.0,5.0,5.0
KW_T_423_13_0020L,3.0,4.0,5.0,5.0
KW_T_423_13_0022L,3.0,4.0,5.0,5.0
KW_T_423_13_0024L,3.0,4.0,5.0,5.0
KW_T_423_13_0026L,3.0,4.0,5.0,5.0
KW_T_423_13_0028L,3.0,4.0,5.0,5.0
KW_T_423_13_0030L,3.0,4.0,5.0,5.0
KW_T_423_13_0032L,3.0,4.0,5.0,5.0
KW_T_423_13_0034L,3.0,4.0,5.0,5.0
KW_T_423_13_0036L,3.0,4.0,5.0,5.0
KW_T_423_13_0038L,3.0,16.0,16.0,5.0
KW_T_423_13_0040L,3.0,4.0,5.0,5.0
KW_T_423_13_0042L,3.0,16.0,21.0,5.0
KW_T_423_13_0044L,3.0,4.0,5.0,5.0
KW_T_423_13_0046L,3.0,4.0,5.0,5.0
KW_T_423_13_0048L,3.0,4.0,5.0,5.0
KW_T_423_13_0050L,3.0,8.0,9.0,5.0
KW_T_423_13_0052L,3.0,8.0,9.0,5.0
KW_T_423_13_0054L,3.0,4.0,5.0,5.0
KW_T_423_13_0056L,3.0,19.0,18.0,5.0
KW_T_423_13_0058L,3.0,4.0,5.0,5.0
KW_T_423_13_0060L,1.0,2.0,3.0,
KW_T_423_13_0062L,3.0,,,5.0
KW_T_423_13_0064L,3.0,,,5.0
KW_T_423_13_0066L,3.0,22.0,22.0,5.0
KW_T_423_13_0068L,1.0,2.0,3.0,4.0
KW_T_423_13_0070L,3.0,,18.0,5.0
KW_T_423_13_0072L,3.0,7.0,10.0,5.0
KW_T_423_13_0074L,3.0,21.0,21.0,5.0
KW_T_423_13_0076L,3.0,4.0,5.0,5.0
KW_T_423_13_0078L,3.0,7.0,11.0,5.0
KW_T_423_13_0080L,3.0,,,5.0
KW_T_423_13_0082L,3.0,3.0,11.0,5.0
KW_T_423_13_0084L,3.0,21.0,21.0,5.0
KW_T_423_13_0086L,3.0,7.0,,5.0
KW_T_423_13_0088L,1.0,2.0,3.0,4.0
KW_T_423_13_0091L,3.0,4.0,5.0,5.0
KW_T_423_13_0093L,3.0,8.0,9.0,5.0
KW_T_423_13_0095L,3.0,,22.0,5.0
KW_T_423_13_0097L,3.0,4.0,5.0,5.0
KW_T_423_13_0099L,3.0,4.0,5.0,5.0
KW_T_423_13_0101L,3.0,,,5.0
KW_T_423_13_0103L,3.0,4.0,5.0,5.0
KW_T_423_13_0105L,3.0,4.0,5.0,5.0
KW_T_423_13_0107L,3.0,4.0,5.0,5.0
KW_T_423_13_0109L,1.0,2.0,3.0,4.0
KW_T_423_13_0112L,3.0,,14.0,5.0
KW_T_423_13_0114L,1.0,2.0,3.0,4.0
KW_T_423_13_0117L,3.0,,,5.0
KW_T_423_13_0119L,3.0,4.0,5.0,5.0
KW_T_423_13_0121L,3.0,4.0,5.0,5.0
KW_T_423_13_0123L,3.0,,15.0,5.0
KW_T_423_13_0125L,3.0,7.0,,5.0
KW_T_423_13_0127L,3.0,17.0,,5.0
KW_T_423_13_0129L,3.0,3.0,5.0,5.0
KW_T_423_13_0131L,3.0,21.0,21.0,5.0
KW_T_423_13_0133L,3.0,12.0,7.0,5.0
KW_T_423_13_0135L,3.0,4.0,5.0,5.0
KW_T_423_13_0137L,3.0,4.0,5.0,5.0
KW_T_423_13_0139L,1.0,2.0,3.0,4.0
KW_T_423_13_0141L,3.0,15.0,14.0,5.0
KW_T_423_13_0143L,3.0,7.0,10.0,5.0
KW_T_423_13_0145L,3.0,4.0,5.0,5.0
KW_T_423_13_0147L,3.0,16.0,21.0,5.0
KW_T_423_13_0149L,1.0,2.0,3.0,4.0
KW_T_423_13_0151L,1.0,2.0,3.0,4.0
KW_T_423_13_0153L,3.0,,7.0,5.0
KW_T_423_13_0153R,0.0,4.0,1.0,5.0
KW_T_423_13_0156L,3.0,4.0,5.0,5.0
KW_T_423_13_0158L,3.0,4.0,5.0,5.0
KW_T_423_13_0160L,0.0,2.0,4.0,3.0
KW_T_423_13_0162L,0.0,2.0,4.0,3.0
KW_T_423_13_0164L,3.0,17.0,,5.0
KW_T_423_13_0166L,3.0,4.0,5.0,5.0
KW_T_423_13_0168L,1.0,2.0,3.0,4.0
KW_T_423_13_0170L,0.0,2.0,4.0,3.0
KW_T_423_13_0172L,0.0,2.0,4.0,3.0
KW_T_423_14_0010L,3.0,7.0,10.0,5.0
KW_T_423_14_0012L,3.0,16.0,21.0,5.0
KW_T_423_14_0014L,1.0,2.0,3.0,4.0
KW_T_423_14_0016L,0.0,2.0,4.0,3.0
KW_T_423_14_0018L,0.0,2.0,4.0,3.0
KW_T_423_14_0020L,3.0,6.0,15.0,5.0
KW_T_423_14_0022L,3.0,10.0,1.0,5.0
KW_T_423_14_0024L,3.0,4.0,,5.0
KW_T_423_14_0026L,3.0,11.0,6.0,5.0
KW_T_423_14_0028L,0.0,2.0,4.0,3.0
KW_T_423_14_0030L,3.0,10.0,1.0,5.0
KW_T_423_14_0032L,1.0,4.0,5.0,4.0
KW_T_423_14_0034L,3.0,4.0,5.0,5.0
KW_T_423_14_0036L,1.0,2.0,3.0,4.0
KW_T_423_14_0038L,0.0,2.0,4.0,3.0
KW_T_423_14_0040L,3.0,14.0,,5.0
KW_T_423_14_0042L,3.0,,,5.0
KW_T_423_14_0044L,3.0,,5.0,
KW_T_423_14_0046L,1.0,2.0,3.0,4.0
KW_T_423_14_0048L,0.0,2.0,4.0,3.0
KW_T_423_14_0050L,3.0,6.0,15.0,5.0
KW_T_423_14_0052L,3.0,14.0,,5.0
KW_T_423_14_0054L,3.0,,22.0,5.0
KW_T_423_14_0056L,3.0,4.0,5.0,5.0
KW_T_423_14_0058L,1.0,2.0,3.0,4.0
KW_T_423_14_0060L,3.0,5.0,8.0,5.0
KW_T_423_14_0062L,3.0,15.0,14.0,5.0
KW_T_423_14_0064L,3.0,10.0,1.0,5.0
KW_T_423_14_0066L,1.0,2.0,3.0,4.0
KW_T_423_14_0068L,0.0,2.0,4.0,3.0
KW_T_423_14_0070L,3.0,10.0,1.0,5.0
KW_T_423_14_0072L,3.0,10.0,1.0,5.0
KW_T_423_14_0074L,3.0,10.0,1.0,5.0
KW_T_423_14_0076L,1.0,2.0,4.0,3.0
KW_T_423_14_0078L,0.0,2.0,4.0,3.0
KW_T_423_14_0080L,3.0,8.0,8.0,5.0
KW_T_423_14_0082L,3.0,4.0,5.0,5.0
KW_T_423_14_0084L,3.0,,17.0,5.0
KW_T_423_14_0086L,1.0,2.0,3.0,4.0
KW_T_423_14_0088L,1.0,2.0,3.0,4.0
KW_T_423_14_0090L,3.0,,22.0,5.0
KW_T_423_14_0091L,3.0,7.0,10.0,5.0
KW_T_423_14_0093L,3.0,22.0,22.0,5.0
KW_T_423_14_0095L,3.0,4.0,5.0,5.0
KW_T_423_14_0097L,0.0,2.0,4.0,3.0
KW_T_423_14_0099L,3.0,,,5.0
KW_T_423_14_0101L,3.0,9.0,7.0,5.0
KW_T_423_14_0103L,3.0,,22.0,5.0
KW_T_423_14_0105L,1.0,2.0,3.0,4.0
KW_T_423_14_0107L,0.0,2.0,4.0,3.0
KW_T_423_14_0109L,3.0,,,5.0
KW_T_423_14_0111L,3.0,10.0,1.0,5.0
KW_T_423_14_0113L,1.0,2.0,3.0,4.0
KW_T_423_14_0115L,0.0,2.0,4.0,3.0
KW_T_423_14_0117L,0.0,2.0,4.0,3.0
KW_T_423_14_0119L,3.0,9.0,7.0,5.0
KW_T_423_14_0121L,3.0,9.0,,5.0
KW_T_423_14_0122L,3.0,10.0,1.0,5.0
KW_T_423_14_0124L,3.0,0.0,0.0,0.0
KW_T_423_14_0126L,0.0,2.0,4.0,3.0
KW_T_423_14_0128L,3.0,5.0,8.0,5.0
KW_T_423_14_0130L,3.0,14.0,,5.0
KW_T_423_14_0132L,3.0,22.0,22.0,5.0
KW_T_423_14_0134L,3.0,4.0,5.0,5.0
KW_T_423_14_0136L,0.0,2.0,4.0,3.0
KW_T_423_14_0138L,3.0,,21.0,5.0
KW_T_423_14_0140L,3.0,,,5.0
KW_T_423_14_0142L,3.0,,7.0,
KW_T_423_14_0143L,1.0,10.0,1.0,5.0
KW_T_423_14_0145L,0.0,2.0,4.0,3.0
KW_T_423_14_0147L,3.0,10.0,1.0,5.0
KW_T_423_14_0149L,3.0,,7.0,
KW_T_423_14_0150L,3.0,9.0,1.0,5.0
KW_T_423_14_0152L,3.0,4.0,5.0,5.0
KW_T_423_14_0154L,0.0,2.0,4.0,3.0
KW_T_423_14_0156L,3.0,18.0,22.0,5.0
KW_T_423_14_0158L,1.0,10.0,1.0,5.0
KW_T_423_14_0159L,3.0,,7.0,
KW_T_423_14_0161L,1.0,2.0,3.0,4.0
KW_T_423_14_0163L,0.0,2.0,4.0,3.0
KW_T_423_15_0009L,3.0,15.0,14.0,5.0
KW_T_423_15_0011L,3.0,20.0,18.0,5.0
KW_T_423_15_0013L,3.0,,,5.0
KW_T_423_15_0015L,3.0,,,5.0
KW_T_423_15_0017L,0.0,2.0,4.0,3.0
KW_T_423_15_0020L,3.0,8.0,9.0,5.0
KW_T_423_15_0022L,3.0,20.0,19.0,5.0
KW_T_423_15_0024L,3.0,4.0,5.0,5.0
KW_T_423_15_0026L,1.0,2.0,3.0,4.0
KW_T_423_15_0028L,0.0,2.0,4.0,3.0
KW_T_423_15_0030L,3.0,5.0,8.0,5.0
KW_T_423_15_0032L,3.0,20.0,19.0,5.0
KW_T_423_15_0034L,3.0,4.0,5.0,5.0
KW_T_423_15_0036L,0.0,2.0,4.0,3.0
KW_T_423_15_0038L,0.0,2.0,4.0,3.0
KW_T_423_15_0040L,3.0,,22.0,5.0
KW_T_423_15_0042L,3.0,10.0,1.0,5.0
KW_T_423_15_0043L,3.0,,7.0,5.0
KW_T_423_15_0045L,1.0,2.0,3.0,4.0
KW_T_423_15_0047L,0.0,2.0,4.0,3.0
KW_T_423_15_0049L,3.0,12.0,7.0,5.0
KW_T_423_15_0051L,3.0,10.0,1.0,5.0
KW_T_423_15_0052L,3.0,,7.0,
KW_T_423_15_0054L,0.0,2.0,4.0,3.0
KW_T_423_15_0056L,0.0,2.0,4.0,3.0
KW_T_423_15_0058L,3.0,22.0,22.0,5.0
KW_T_423_15_0060L,3.0,6.0,15.0,5.0
KW_T_423_15_0062L,3.0,,18.0,5.0
KW_T_423_15_0064L,1.0,2.0,3.0,4.0
KW_T_423_15_0066L,0.0,2.0,4.0,3.0
KW_T_423_15_0068L,3.0,6.0,,5.0
KW_T_423_15_0070L,3.0,,20.0,5.0
KW_T_423_15_0072L,3.0,4.0,5.0,5.0
KW_T_423_15_0074L,1.0,2.0,3.0,4.0
KW_T_423_15_0076L,0.0,2.0,4.0,3.0
KW_T_423_15_0078L,3.0,,21.0,5.0
KW_T_423_15_0080L,3.0,22.0,22.0,5.0
KW_T_423_15_0082L,3.0,,,5.0
KW_T_423_15_0084L,3.0,4.0,5.0,5.0
KW_T_423_15_0086L,0.0,2.0,4.0,3.0
KW_T_423_15_0088L,3.0,,,5.0
KW_T_423_15_0090L,3.0,,,5.0
KW_T_423_15_0092L,3.0,4.0,5.0,5.0
KW_T_423_15_0094L,1.0,2.0,3.0,4.0
KW_T_423_15_0096L,0.0,2.0,4.0,3.0
KW_T_423_15_0098L,3.0,7.0,10.0,5.0
KW_T_423_15_0100L,3.0,,8.0,5.0
KW_T_423_15_0102L,3.0,15.0,,5.0
KW_T_423_15_0104L,3.0,4.0,5.0,5.0
KW_T_423_15_0106L,0.0,2.0,4.0,3.0
KW_T_423_15_0108L,3.0,15.0,14.0,5.0
KW_T_423_15_0110L,3.0,,18.0,5.0
KW_T_423_15_0112L,3.0,4.0,5.0,5.0
KW_T_423_15_0114L,1.0,2.0,3.0,4.0
KW_T_423_15_0116L,0.0,2.0,4.0,3.0
KW_T_423_15_0118L,3.0,,22.0,5.0
KW_T_423_15_0120L,3.0,9.0,7.0,5.0
KW_T_423_15_0122L,3.0,,19.0,5.0
KW_T_423_15_0124L,3.0,4.0,5.0,5.0
KW_T_423_15_0126L,0.0,2.0,4.0,3.0
KW_T_423_15_0128L,3.0,17.0,22.0,5.0
KW_T_423_15_0130L,3.0,15.0,5.0,5.0
KW_T_423_15_0132L,3.0,4.0,5.0,5.0
KW_T_423_15_0134L,1.0,2.0,3.0,4.0
KW_T_423_15_0136L,0.0,2.0,4.0,3.0
KW_T_423_15_0138L,3.0,22.0,22.0,5.0
KW_T_423_15_0140L,3.0,18.0,17.0,5.0
KW_T_423_15_0142L,3.0,4.0,5.0,5.0
KW_T_423_15_0144L,3.0,4.0,5.0,5.0
KW_T_423_15_0146L,0.0,2.0,4.0,3.0
KW_T_423_15_0148L,3.0,14.0,,5.0
KW_T_423_15_0150L,3.0,1.0,2.0,2.0
KW_T_423_15_0152L,3.0,4.0,5.0,5.0
KW_T_423_15_0154L,1.0,2.0,3.0,4.0
KW_T_423_15_0156L,0.0,2.0,4.0,3.0
KW_T_423_15_0158L,3.0,22.0,22.0,5.0
KW_T_423_15_0160L,3.0,,,5.0
KW_T_423_15_0162L,3.0,,1.0,5.0
KW_T_423_15_0165L,3.0,4.0,5.0,5.0
KW_T_423_15_0167L,0.0,2.0,4.0,3.0
KW_T_423_16_0009L,3.0,,22.0,5.0
KW_T_423_16_0011L,3.0,10.0,1.0,5.0
KW_T_423_16_0013L,3.0,4.0,5.0,5.0
KW_T_423_16_0015L,1.0,2.0,3.0,4.0
KW_T_423_16_0017L,0.0,2.0,4.0,3.0
KW_T_423_16_0019L,3.0,14.0,21.0,5.0
KW_T_423_16_0021L,1.0,,3.0,4.0
KW_T_423_16_0023L,3.0,4.0,5.0,5.0
KW_T_423_16_0025L,3.0,4.0,5.0,5.0
KW_T_423_16_0027L,3.0,2.0,3.0,4.0
KW_T_423_16_0029L,3.0,9.0,,
KW_T_423_16_0031L,3.0,8.0,,5.0
KW_T_423_16_0033L,3.0,20.0,17.0,5.0
KW_T_423_16_0035L,0.0,2.0,4.0,3.0
KW_T_423_16_0037L,1.0,2.0,3.0,
KW_T_423_16_0039L,3.0,,,5.0
KW_T_423_16_0041L,3.0,8.0,9.0,5.0
KW_T_423_16_0043L,3.0,4.0,5.0,5.0
KW_T_423_16_0045L,3.0,4.0,5.0,5.0
KW_T_423_16_0047L,0.0,2.0,4.0,3.0
KW_T_423_16_0049L,3.0,,,5.0
KW_T_423_16_0051L,3.0,8.0,9.0,5.0
KW_T_423_16_0053L,3.0,6.0,15.0,5.0
KW_T_423_16_0055L,1.0,2.0,3.0,4.0
KW_T_423_16_0057L,0.0,2.0,4.0,3.0
KW_T_423_16_0059L,3.0,17.0,13.0,5.0
KW_T_423_16_0061L,3.0,,,5.0
KW_T_423_16_0063L,3.0,4.0,5.0,5.0
KW_T_423_16_0065L,1.0,2.0,3.0,4.0
KW_T_423_16_0067L,0.0,2.0,4.0,3.0
KW_T_423_16_0069L,3.0,,14.0,5.0
KW_T_423_16_0071L,3.0,10.0,1.0,5.0
KW_T_423_16_0073L,3.0,11.0,,5.0
KW_T_423_16_0075L,1.0,2.0,3.0,4.0
KW_T_423_16_0077L,0.0,2.0,,5.0
KW_T_423_16_0079L,3.0,,2.0,5.0
KW_T_423_16_0081L,3.0,4.0,5.0,5.0
KW_T_423_16_0083L,3.0,20.0,19.0,5.0
KW_T_423_16_0085L,1.0,2.0,3.0,4.0
KW_T_423_16_0087L,0.0,2.0,4.0,3.0
KW_T_423_16_0089L,3.0,9.0,7.0,5.0
KW_T_423_16_0091L,3.0,14.0,20.0,5.0
KW_T_423_16_0093L,3.0,4.0,5.0,5.0
KW_T_423_16_0095L,1.0,2.0,3.0,4.0
KW_T_423_16_0097L,0.0,2.0,4.0,3.0
KW_T_423_16_0099L,3.0,7.0,10.0,5.0
KW_T_423_16_0101L,3.0,8.0,9.0,5.0
KW_T_423_16_0103L,3.0,14.0,20.0,5.0
KW_T_423_16_0105L,3.0,4.0,5.0,5.0
KW_T_423_16_0107L,0.0,2.0,4.0,3.0
KW_T_423_16_0109L,3.0,5.0,8.0,5.0
KW_T_423_16_0111L,3.0,7.0,7.0,5.0
KW_T_423_16_0113L,3.0,4.0,5.0,5.0
KW_T_423_16_0115L,1.0,2.0,3.0,4.0
KW_T_423_16_0117L,0.0,2.0,4.0,3.0
KW_T_423_16_0119L,3.0,18.0,20.0,5.0
KW_T_423_16_0121L,3.0,14.0,20.0,5.0
KW_T_423_16_0123L,3.0,4.0,5.0,5.0
KW_T_423_16_0125L,1.0,2.0,3.0,4.0
KW_T_423_16_0127L,0.0,2.0,4.0,3.0
KW_T_423_16_0129L,3.0,14.0,,5.0
KW_T_423_16_0132L,3.0,20.0,18.0,5.0
KW_T_423_16_0134L,3.0,4.0,5.0,5.0
KW_T_423_16_0136L,1.0,2.0,3.0,4.0
KW_T_423_16_0138L,0.0,2.0,4.0,3.0
KW_T_423_16_0140L,3.0,14.0,21.0,5.0
KW_T_423_16_0142L,3.0,4.0,5.0,5.0
KW_T_423_16_0144L,3.0,,17.0,5.0
KW_T_423_16_0146L,1.0,2.0,3.0,4.0
KW_T_423_16_0148L,0.0,2.0,4.0,3.0
KW_T_423_16_0150L,3.0,7.0,10.0,5.0
KW_T_423_16_0152L,3.0,7.0,11.0,5.0
KW_T_423_16_0154L,3.0,7.0,21.0,5.0
KW_T_423_16_0156L,1.0,2.0,3.0,4.0
KW_T_423_16_0158L,0.0,2.0,4.0,3.0
KW_T_423_16_0160L,3.0,7.0,12.0,5.0
KW_T_423_16_0162L,3.0,,15.0,5.0
KW_T_423_16_0164L,3.0,4.0,5.0,5.0
KW_T_423_16_0166L,3.0,21.0,,5.0
KW_T_423_16_0168L,0.0,2.0,4.0,3.0
KW_T_423_17_0009L,3.0,7.0,10.0,5.0
KW_T_423_17_0011L,3.0,22.0,22.0,5.0
KW_T_423_17_0013L,3.0,14.0,,5.0
KW_T_423_17_0015L,1.0,2.0,3.0,4.0
KW_T_423_17_0017L,0.0,2.0,4.0,3.0
KW_T_423_17_0019L,3.0,,22.0,5.0
KW_T_423_17_0021L,3.0,,22.0,5.0
KW_T_423_17_0023L,3.0,,22.0,5.0
KW_T_423_17_0025L,1.0,2.0,3.0,4.0
KW_T_423_17_0027L,3.0,16.0,16.0,5.0
KW_T_423_17_0029L,3.0,,22.0,5.0
KW_T_423_17_0031L,3.0,,,5.0
KW_T_423_17_0033L,3.0,,19.0,5.0
KW_T_423_17_0035L,1.0,2.0,3.0,4.0
KW_T_423_17_0037L,0.0,2.0,4.0,3.0
KW_T_423_17_0039L,3.0,,,5.0
KW_T_423_17_0041L,3.0,8.0,9.0,5.0
KW_T_423_17_0043L,3.0,10.0,1.0,
KW_T_423_17_0045L,1.0,2.0,3.0,4.0
KW_T_423_17_0047L,0.0,2.0,4.0,3.0
KW_T_423_17_0049L,3.0,20.0,18.0,5.0
KW_T_423_17_0051L,3.0,,21.0,5.0
KW_T_423_17_0053L,3.0,4.0,5.0,5.0
KW_T_423_17_0055L,1.0,2.0,3.0,4.0
KW_T_423_17_0057L,0.0,2.0,4.0,3.0
KW_T_423_17_0059L,3.0,,5.0,5.0
KW_T_423_17_0061L,3.0,,,5.0
KW_T_423_17_0063L,3.0,8.0,9.0,5.0
KW_T_423_17_0065L,1.0,2.0,3.0,4.0
KW_T_423_17_0067L,0.0,2.0,4.0,3.0
KW_T_423_17_0069L,3.0,1.0,2.0,2.0
KW_T_423_17_0071L,3.0,,21.0,5.0
KW_T_423_17_0073L,3.0,18.0,13.0,5.0
KW_T_423_17_0075L,1.0,2.0,3.0,4.0
KW_T_423_17_0077L,0.0,2.0,4.0,3.0
KW_T_423_17_0079L,3.0,8.0,9.0,5.0
KW_T_423_17_0081L,3.0,,14.0,5.0
KW_T_423_17_0083L,3.0,4.0,3.0,5.0
KW_T_423_17_0085L,1.0,2.0,3.0,4.0
KW_T_423_17_0087L,0.0,2.0,4.0,3.0
KW_T_423_17_0089L,3.0,,,5.0
KW_T_423_17_0091L,3.0,11.0,6.0,5.0
KW_T_423_17_0093L,3.0,11.0,6.0,5.0
KW_T_423_17_0095L,1.0,2.0,3.0,4.0
KW_T_423_17_0097L,0.0,2.0,4.0,3.0
KW_T_423_17_0099L,3.0,7.0,11.0,5.0
KW_T_423_17_0101L,3.0,,,5.0
KW_T_423_17_0103L,3.0,4.0,5.0,5.0
KW_T_423_17_0105L,1.0,2.0,3.0,4.0
KW_T_423_17_0107L,0.0,2.0,4.0,3.0
KW_T_423_17_0109L,3.0,,,5.0
KW_T_423_17_0111L,3.0,7.0,11.0,5.0
KW_T_423_17_0113L,3.0,11.0,6.0,5.0
KW_T_423_17_0115L,1.0,2.0,3.0,4.0
KW_T_423_17_0117L,0.0,2.0,4.0,3.0
KW_T_423_17_0119L,3.0,9.0,,5.0
KW_T_423_17_0121L,3.0,10.0,1.0,5.0
KW_T_423_17_0123L,1.0,2.0,3.0,4.0
KW_T_423_17_0125L,1.0,2.0,3.0,4.0
KW_T_423_17_0127L,0.0,2.0,4.0,3.0
KW_T_423_17_0129L,3.0,22.0,,5.0
KW_T_423_17_0131L,3.0,4.0,5.0,5.0
KW_T_423_17_0133L,3.0,4.0,5.0,5.0
KW_T_423_17_0135L,1.0,2.0,3.0,4.0
KW_T_423_17_0137L,0.0,2.0,4.0,3.0
KW_T_423_17_0139L,3.0,,,5.0
KW_T_423_17_0141L,3.0,14.0,20.0,5.0
KW_T_423_17_0143L,3.0,4.0,5.0,5.0
KW_T_423_17_0145L,1.0,2.0,3.0,4.0
KW_T_423_17_0147L,0.0,2.0,4.0,3.0
KW_T_423_17_0149L,3.0,2.0,21.0,3.0
KW_T_423_17_0151L,3.0,7.0,10.0,5.0
KW_T_423_17_0153L,3.0,4.0,5.0,5.0
KW_T_423_17_0155L,1.0,2.0,3.0,4.0
KW_T_423_17_0157L,0.0,2.0,4.0,3.0
KW_T_423_17_0159L,3.0,7.0,11.0,5.0
KW_T_423_17_0161L,3.0,7.0,11.0,5.0
KW_T_423_17_0163L,3.0,,,5.0
KW_T_423_17_0165L,1.0,2.0,3.0,4.0
KW_T_423_17_0167L,0.0,2.0,4.0,3.0
KW_T_423_18_0009L,3.0,7.0,10.0,5.0
KW_T_423_18_0011L,3.0,11.0,6.0,5.0
KW_T_423_18_0013L,3.0,4.0,5.0,5.0
KW_T_423_18_0015L,1.0,2.0,3.0,4.0
KW_T_423_18_0017L,0.0,2.0,4.0,3.0
KW_T_423_18_0019L,3.0,6.0,15.0,5.0
KW_T_423_18_0021L,3.0,10.0,1.0,5.0
KW_T_423_18_0023L,3.0,4.0,5.0,5.0
KW_T_423_18_0025L,1.0,2.0,3.0,4.0
KW_T_423_18_0027L,0.0,2.0,4.0,3.0
KW_T_423_18_0029L,3.0,17.0,22.0,5.0
KW_T_423_18_0031L,3.0,,,5.0
KW_T_423_18_0033L,3.0,20.0,,5.0
KW_T_423_18_0035L,1.0,2.0,3.0,4.0
KW_T_423_18_0037L,0.0,2.0,4.0,3.0
KW_T_423_18_0039L,3.0,22.0,22.0,5.0
KW_T_423_18_0041L,3.0,8.0,9.0,5.0
KW_T_423_18_0043L,3.0,18.0,17.0,5.0
KW_T_423_18_0045L,1.0,2.0,3.0,4.0
KW_T_423_18_0047L,0.0,2.0,4.0,3.0
KW_T_423_18_0049L,3.0,22.0,22.0,5.0
KW_T_423_18_0051L,3.0,,17.0,5.0
KW_T_423_18_0053L,3.0,4.0,5.0,5.0
KW_T_423_18_0055L,1.0,2.0,3.0,4.0
KW_T_423_18_0057L,0.0,2.0,4.0,3.0
KW_T_423_18_0059L,3.0,,22.0,5.0
KW_T_423_18_0061L,3.0,,,5.0
KW_T_423_18_0063L,1.0,4.0,3.0,5.0
KW_T_423_18_0065L,1.0,2.0,3.0,4.0
KW_T_423_18_0067L,0.0,2.0,,3.0
KW_T_423_18_0069L,3.0,,14.0,5.0
KW_T_423_18_0071L,3.0,22.0,22.0,5.0
KW_T_423_18_0073L,3.0,,,5.0
KW_T_423_18_0075L,1.0,2.0,3.0,4.0
KW_T_423_18_0077L,0.0,2.0,3.0,
KW_T_423_18_0079L,3.0,7.0,12.0,5.0
KW_T_423_18_0081L,3.0,4.0,5.0,
KW_T_423_18_0083L,3.0,4.0,5.0,5.0
KW_T_423_18_0085L,1.0,2.0,3.0,5.0
KW_T_423_18_0087L,0.0,2.0,4.0,3.0
KW_T_423_18_0089L,3.0,8.0,9.0,5.0
KW_T_423_18_0091L,3.0,,22.0,5.0
KW_T_423_18_0093L,3.0,4.0,5.0,5.0
KW_T_423_18_0095L,1.0,2.0,3.0,4.0
KW_T_423_18_0097L,0.0,2.0,4.0,3.0
KW_T_423_18_0099L,3.0,15.0,,5.0
KW_T_423_18_0101L,3.0,,19.0,5.0
KW_T_423_18_0101R,1.0,2.0,15.0,5.0
KW_T_423_18_0103L,3.0,,,5.0
KW_T_423_18_0105L,3.0,,,5.0
KW_T_423_18_0107L,0.0,2.0,4.0,3.0
KW_T_423_18_0109L,3.0,22.0,22.0,5.0
KW_T_423_18_0111L,3.0,,,5.0
KW_T_423_18_0113L,3.0,4.0,5.0,5.0
KW_T_423_18_0115L,1.0,2.0,3.0,4.0
KW_T_423_18_0117L,0.0,2.0,4.0,3.0
KW_T_423_18_0119L,3.0,22.0,22.0,5.0
KW_T_423_18_0121L,3.0,14.0,,5.0
KW_T_423_18_0123L,3.0,22.0,22.0,5.0
KW_T_423_18_0125L,3.0,4.0,5.0,5.0
KW_T_423_18_0127L,0.0,2.0,,3.0
KW_T_423_18_0129L,3.0,,,5.0
KW_T_423_18_0131L,3.0,8.0,9.0,5.0
KW_T_423_18_0133L,3.0,,21.0,5.0
KW_T_423_18_0135L,3.0,4.0,5.0,5.0
KW_T_423_18_0137L,0.0,2.0,4.0,3.0
KW_T_423_18_0139L,3.0,8.0,9.0,5.0
KW_T_423_18_0141L,3.0,22.0,22.0,5.0
KW_T_423_18_0143L,3.0,,7.0,5.0
KW_T_423_18_0145L,0.0,2.0,4.0,3.0
KW_T_423_18_0147L,0.0,2.0,4.0,3.0
KW_T_423_18_0149L,3.0,22.0,22.0,5.0
KW_T_423_18_0151L,3.0,10.0,1.0,5.0
KW_T_423_18_0153L,3.0,4.0,5.0,5.0
KW_T_423_18_0155L,0.0,2.0,4.0,3.0
KW_T_423_18_0157L,0.0,2.0,4.0,3.0
KW_T_423_18_0159L,3.0,,,5.0
KW_T_423_18_0161L,3.0,20.0,19.0,5.0
KW_T_423_18_0163L,3.0,10.0,1.0,5.0
KW_T_423_18_0165L,0.0,2.0,4.0,3.0
KW_T_423_18_0167L,0.0,2.0,,3.0
KW_T_423_19_0009L,3.0,,,5.0
KW_T_423_19_0011L,3.0,,,5.0
KW_T_423_19_0013L,3.0,22.0,22.0,5.0
KW_T_423_19_0015L,3.0,4.0,5.0,5.0
KW_T_423_19_0017L,0.0,2.0,4.0,3.0
KW_T_423_19_0019L,3.0,,,5.0
KW_T_423_19_0021L,3.0,4.0,5.0,5.0
KW_T_423_19_0023L,3.0,4.0,5.0,5.0
KW_T_423_19_0025L,0.0,2.0,4.0,3.0
KW_T_423_19_0027L,0.0,2.0,4.0,3.0
KW_T_423_19_0029L,3.0,9.0,7.0,5.0
KW_T_423_19_0031L,3.0,4.0,5.0,5.0
KW_T_423_19_0033L,1.0,2.0,3.0,4.0
KW_T_423_19_0035L,0.0,2.0,4.0,3.0
KW_T_423_19_0037L,0.0,2.0,4.0,3.0
KW_T_423_19_0039L,3.0,17.0,22.0,5.0
KW_T_423_19_0041L,3.0,,22.0,5.0
KW_T_423_19_0043L,3.0,4.0,5.0,5.0
KW_T_423_19_0045L,0.0,2.0,4.0,3.0
KW_T_423_19_0047L,0.0,2.0,4.0,3.0
KW_T_423_19_0049L,3.0,6.0,15.0,5.0
KW_T_423_19_0051L,3.0,4.0,5.0,5.0
KW_T_423_19_0053L,3.0,16.0,21.0,5.0
KW_T_423_19_0055L,0.0,2.0,4.0,3.0
KW_T_423_19_0057L,0.0,2.0,4.0,3.0
KW_T_423_19_0059L,3.0,,,5.0
KW_T_423_19_0062L,3.0,4.0,5.0,5.0
KW_T_423_19_0064L,3.0,4.0,5.0,5.0
KW_T_423_19_0066L,0.0,2.0,4.0,3.0
KW_T_423_19_0068L,0.0,2.0,4.0,3.0
KW_T_423_19_0070L,3.0,4.0,5.0,5.0
KW_T_423_19_0072L,3.0,4.0,5.0,5.0
KW_T_423_19_0074L,2.0,0.0,0.0,0.0
KW_T_423_19_0076L,0.0,2.0,4.0,3.0
KW_T_423_19_0078L,0.0,2.0,4.0,3.0
KW_T_423_19_0080L,3.0,7.0,12.0,5.0
KW_T_423_19_0082L,3.0,4.0,5.0,5.0
KW_T_423_19_0084L,3.0,4.0,5.0,5.0
KW_T_423_19_0086L,0.0,2.0,4.0,3.0
KW_T_423_19_0088L,0.0,2.0,4.0,3.0
KW_T_423_19_0090L,3.0,6.0,15.0,5.0
KW_T_423_19_0091L,3.0,4.0,,5.0
KW_T_423_19_0093L,1.0,3.0,,4.0
KW_T_423_19_0095L,3.0,,,5.0
KW_T_423_19_0097L,0.0,2.0,4.0,3.0
KW_T_423_19_0099L,3.0,20.0,18.0,5.0
KW_T_423_19_0101L,3.0,4.0,5.0,5.0
KW_T_423_19_0103L,2.0,0.0,0.0,0.0
KW_T_423_19_0105L,0.0,2.0,4.0,3.0
KW_T_423_19_0107L,0.0,2.0,4.0,3.0
KW_T_423_19_0109L,3.0,,,5.0
KW_T_423_19_0111L,3.0,4.0,5.0,5.0
KW_T_423_19_0113L,2.0,0.0,0.0,0.0
KW_T_423_19_0115L,0.0,2.0,4.0,3.0
KW_T_423_19_0117L,0.0,2.0,4.0,3.0
KW_T_423_19_0119L,3.0,22.0,22.0,5.0
KW_T_423_19_0121L,3.0,,22.0,5.0
KW_T_423_19_0123L,3.0,4.0,5.0,5.0
KW_T_423_19_0125L,0.0,2.0,4.0,3.0
KW_T_423_19_0127L,0.0,2.0,4.0,3.0
KW_T_423_19_0129L,3.0,,22.0,5.0
KW_T_423_19_0131L,3.0,4.0,5.0,5.0
KW_T_423_19_0133L,3.0,4.0,5.0,5.0
KW_T_423_19_0135L,0.0,2.0,4.0,3.0
KW_T_423_19_0137L,0.0,2.0,4.0,3.0
KW_T_423_19_0139L,3.0,5.0,12.0,5.0
KW_T_423_19_0140L,3.0,5.0,8.0,5.0
KW_T_423_19_0142L,3.0,4.0,5.0,5.0
KW_T_423_19_0144L,0.0,2.0,4.0,3.0
KW_T_423_19_0146L,0.0,2.0,4.0,3.0
KW_T_423_19_0148L,3.0,1.0,2.0,5.0
KW_T_423_19_0150L,3.0,14.0,,5.0
KW_T_423_19_0152L,3.0,,,5.0
KW_T_423_19_0154L,0.0,2.0,4.0,3.0
KW_T_423_19_0156L,0.0,2.0,4.0,3.0
KW_T_423_19_0158L,3.0,,22.0,5.0
KW_T_423_19_0160L,3.0,16.0,21.0,5.0
KW_T_423_19_0162L,3.0,,1.0,5.0
KW_T_423_19_0164L,0.0,2.0,4.0,3.0
KW_T_423_19_0166L,0.0,2.0,4.0,3.0
KW_T_423_19_0168L,3.0,,22.0,5.0
KW_T_423_19_0170L,3.0,7.0,12.0,5.0
KW_T_423_19_0172L,3.0,13.0,15.0,1.0
KW_T_423_19_0174L,0.0,2.0,4.0,3.0
KW_T_423_19_0176L,0.0,2.0,4.0,3.0
KW_T_423_1_0020R,3.0,14.0,20.0,5.0
KW_T_423_1_0022R,3.0,,,5.0
KW_T_423_1_0024R,3.0,14.0,20.0,5.0
KW_T_423_1_0026R,3.0,22.0,22.0,5.0
KW_T_423_1_0028R,3.0,12.0,7.0,5.0
KW_T_423_1_0030R,3.0,11.0,6.0,5.0
KW_T_423_1_0032R,3.0,17.0,,5.0
KW_T_423_1_0034R,3.0,,,5.0
KW_T_423_1_0036R,3.0,8.0,9.0,5.0
KW_T_423_1_0038R,3.0,16.0,21.0,5.0
KW_T_423_1_0040R,3.0,,,5.0
KW_T_423_1_0042R,3.0,14.0,21.0,5.0
KW_T_423_1_0044R,3.0,14.0,,5.0
KW_T_423_1_0046R,3.0,4.0,5.0,5.0
KW_T_423_1_0048R,3.0,7.0,,5.0
KW_T_423_1_0050R,3.0,,19.0,5.0
KW_T_423_1_0052R,3.0,,21.0,5.0
KW_T_423_1_0054R,3.0,,,5.0
KW_T_423_1_0056R,3.0,15.0,14.0,5.0
KW_T_423_1_0058R,3.0,11.0,6.0,5.0
KW_T_423_1_0060R,3.0,19.0,18.0,5.0
KW_T_423_1_0062R,3.0,,12.0,5.0
KW_T_423_1_0064R,3.0,,22.0,5.0
KW_T_423_1_0066R,3.0,7.0,12.0,5.0
KW_T_423_1_0068R,3.0,7.0,10.0,5.0
KW_T_423_1_0070R,3.0,7.0,10.0,5.0
KW_T_423_1_0072R,3.0,14.0,,5.0
KW_T_423_1_0074R,3.0,7.0,12.0,5.0
KW_T_423_1_0076R,3.0,15.0,14.0,5.0
KW_T_423_1_0078R,3.0,19.0,18.0,
KW_T_423_1_0080R,3.0,,,5.0
KW_T_423_1_0082R,3.0,4.0,5.0,5.0
KW_T_423_1_0084R,3.0,,21.0,5.0
KW_T_423_1_0086R,3.0,,22.0,5.0
KW_T_423_1_0088R,3.0,7.0,11.0,5.0
KW_T_423_1_0090R,3.0,11.0,6.0,5.0
KW_T_423_1_0092R,3.0,,,5.0
KW_T_423_1_0094R,3.0,7.0,10.0,5.0
KW_T_423_1_0096R,3.0,16.0,21.0,5.0
KW_T_423_1_0098R,3.0,13.0,15.0,5.0
KW_T_423_1_0100R,3.0,4.0,5.0,5.0
KW_T_423_1_0102R,3.0,11.0,6.0,5.0
KW_T_423_1_0104R,3.0,,21.0,5.0
KW_T_423_1_0106R,3.0,,,5.0
KW_T_423_1_0108R,3.0,21.0,,5.0
KW_T_423_1_0110R,3.0,7.0,10.0,5.0
KW_T_423_1_0112R,3.0,7.0,11.0,5.0
KW_T_423_1_0114R,3.0,7.0,10.0,5.0
KW_T_423_1_0116R,3.0,5.0,8.0,5.0
KW_T_423_1_0118R,3.0,,,5.0
KW_T_423_1_0120R,3.0,4.0,5.0,5.0
KW_T_423_1_0122R,3.0,3.0,5.0,5.0
KW_T_423_1_0124R,3.0,,,5.0
KW_T_423_1_0126R,3.0,,,5.0
KW_T_423_1_0128R,3.0,22.0,22.0,5.0
KW_T_423_1_0130R,3.0,12.0,7.0,5.0
KW_T_423_1_0132R,3.0,19.0,18.0,5.0
KW_T_423_1_0134R,3.0,8.0,9.0,5.0
KW_T_423_1_0136R,3.0,15.0,15.0,5.0
KW_T_423_1_0138R,3.0,16.0,16.0,5.0
KW_T_423_1_0140R,3.0,4.0,5.0,5.0
KW_T_423_1_0142R,3.0,12.0,7.0,5.0
KW_T_423_1_0144R,3.0,14.0,,5.0
KW_T_423_1_0146R,3.0,,,5.0
KW_T_423_1_0148R,3.0,16.0,21.0,5.0
KW_T_423_1_0150R,3.0,7.0,10.0,5.0
KW_T_423_1_0152R,3.0,14.0,20.0,5.0
KW_T_423_1_0154R,3.0,18.0,22.0,5.0
KW_T_423_1_0156R,3.0,13.0,15.0,1.0
KW_T_423_1_0158R,3.0,22.0,22.0,5.0
KW_T_423_1_0160R,3.0,18.0,13.0,5.0
KW_T_423_1_0162R,3.0,9.0,7.0,5.0
KW_T_423_1_0164R,3.0,3.0,,5.0
KW_T_423_1_0166R,3.0,4.0,5.0,5.0
KW_T_423_1_0168R,3.0,10.0,1.0,5.0
KW_T_423_1_0170R,3.0,7.0,7.0,5.0
KW_T_423_1_0172R,3.0,,,5.0
KW_T_423_1_0174R,3.0,,,5.0
KW_T_423_1_0176R,3.0,11.0,6.0,5.0
KW_T_423_1_0178R,3.0,10.0,1.0,5.0
KW_T_423_20_0009L,3.0,14.0,19.0,5.0
KW_T_423_20_0011L,3.0,,,5.0
KW_T_423_20_0013L,3.0,4.0,5.0,5.0
KW_T_423_20_0015L,0.0,2.0,4.0,3.0
KW_T_423_20_0017L,0.0,2.0,4.0,3.0
KW_T_423_20_0019L,3.0,,,5.0
KW_T_423_20_0021L,3.0,17.0,22.0,5.0
KW_T_423_20_0023L,3.0,4.0,5.0,5.0
KW_T_423_20_0025L,0.0,2.0,4.0,3.0
KW_T_423_20_0027L,0.0,2.0,4.0,3.0
KW_T_423_20_0029L,3.0,11.0,6.0,5.0
KW_T_423_20_0031L,3.0,4.0,5.0,5.0
KW_T_423_20_0033L,3.0,4.0,5.0,5.0
KW_T_423_20_0035L,0.0,2.0,4.0,3.0
KW_T_423_20_0037L,0.0,2.0,4.0,3.0
KW_T_423_20_0039L,3.0,14.0,20.0,5.0
KW_T_423_20_0041L,3.0,,22.0,5.0
KW_T_423_20_0043L,3.0,4.0,5.0,5.0
KW_T_423_20_0045L,0.0,2.0,4.0,3.0
KW_T_423_20_0047L,0.0,2.0,4.0,3.0
KW_T_423_20_0049L,3.0,14.0,,5.0
KW_T_423_20_0051L,3.0,6.0,15.0,5.0
KW_T_423_20_0053L,3.0,4.0,5.0,5.0
KW_T_423_20_0055L,0.0,2.0,4.0,3.0
KW_T_423_20_0057L,0.0,2.0,4.0,3.0
KW_T_423_20_0059L,3.0,5.0,8.0,5.0
KW_T_423_20_0061L,3.0,6.0,15.0,5.0
KW_T_423_20_0063L,3.0,4.0,5.0,5.0
KW_T_423_20_0065L,0.0,2.0,4.0,3.0
KW_T_423_20_0065R,0.0,2.0,4.0,3.0
KW_T_423_20_0069L,0.0,2.0,4.0,3.0
KW_T_423_20_0071L,3.0,,19.0,5.0
KW_T_423_20_0073L,3.0,21.0,21.0,5.0
KW_T_423_20_0075L,3.0,2.0,3.0,3.0
KW_T_423_20_0077L,0.0,2.0,4.0,3.0
KW_T_423_20_0079L,0.0,2.0,4.0,3.0
KW_T_423_20_0081L,3.0,6.0,15.0,5.0
KW_T_423_20_0083L,1.0,,,4.0
KW_T_423_20_0085L,3.0,4.0,5.0,5.0
KW_T_423_20_0087L,0.0,2.0,4.0,3.0
KW_T_423_20_0089L,0.0,2.0,4.0,3.0
KW_T_423_20_0091L,3.0,5.0,8.0,5.0
KW_T_423_20_0093L,3.0,7.0,10.0,5.0
KW_T_423_20_0095L,3.0,18.0,13.0,5.0
KW_T_423_20_0097L,0.0,2.0,4.0,3.0
KW_T_423_20_0099L,0.0,2.0,4.0,3.0
KW_T_423_20_0102L,3.0,7.0,,5.0
KW_T_423_20_0104L,3.0,20.0,,5.0
KW_T_423_20_0106L,3.0,,20.0,5.0
KW_T_423_20_0108L,0.0,2.0,4.0,3.0
KW_T_423_20_0110L,0.0,2.0,4.0,3.0
KW_T_423_20_0112L,3.0,,,5.0
KW_T_423_20_0114L,3.0,8.0,9.0,5.0
KW_T_423_20_0116L,3.0,,15.0,5.0
KW_T_423_20_0118L,0.0,2.0,4.0,3.0
KW_T_423_20_0120L,0.0,2.0,4.0,3.0
KW_T_423_20_0122L,3.0,6.0,15.0,5.0
KW_T_423_20_0124L,3.0,8.0,9.0,5.0
KW_T_423_20_0126L,3.0,18.0,13.0,5.0
KW_T_423_20_0128L,0.0,2.0,4.0,3.0
KW_T_423_20_0130L,0.0,2.0,4.0,3.0
KW_T_423_20_0132L,3.0,21.0,22.0,5.0
KW_T_423_20_0134L,3.0,,15.0,5.0
KW_T_423_20_0136L,3.0,,,5.0
KW_T_423_20_0138L,0.0,2.0,4.0,3.0
KW_T_423_20_0140L,0.0,2.0,4.0,3.0
KW_T_423_20_0142L,3.0,14.0,19.0,5.0
KW_T_423_20_0144L,3.0,4.0,5.0,5.0
KW_T_423_20_0146L,3.0,4.0,5.0,5.0
KW_T_423_20_0148L,0.0,2.0,4.0,3.0
KW_T_423_20_0151L,0.0,2.0,4.0,3.0
KW_T_423_20_0153L,3.0,6.0,15.0,5.0
KW_T_423_20_0155L,3.0,7.0,11.0,5.0
KW_T_423_20_0157L,3.0,4.0,5.0,5.0
KW_T_423_20_0159L,0.0,2.0,4.0,3.0
KW_T_423_20_0161L,0.0,2.0,4.0,3.0
KW_T_423_21_0009L,3.0,1.0,2.0,2.0
KW_T_423_21_0011L,3.0,,22.0,5.0
KW_T_423_21_0013L,3.0,19.0,18.0,5.0
KW_T_423_21_0015L,0.0,2.0,4.0,3.0
KW_T_423_21_0017L,0.0,2.0,4.0,3.0
KW_T_423_21_0019L,3.0,3.0,5.0,5.0
KW_T_423_21_0021L,3.0,7.0,7.0,5.0
KW_T_423_21_0023L,3.0,22.0,22.0,5.0
KW_T_423_21_0025L,0.0,2.0,4.0,3.0
KW_T_423_21_0027L,0.0,2.0,4.0,5.0
KW_T_423_21_0029L,3.0,,,5.0
KW_T_423_21_0031L,3.0,5.0,8.0,5.0
KW_T_423_21_0033L,3.0,7.0,10.0,5.0
KW_T_423_21_0035L,0.0,2.0,4.0,3.0
KW_T_423_21_0037L,0.0,2.0,4.0,3.0
KW_T_423_21_0039L,3.0,8.0,9.0,5.0
KW_T_423_21_0041L,3.0,,,5.0
KW_T_423_21_0043L,3.0,17.0,13.0,5.0
KW_T_423_21_0045L,3.0,4.0,5.0,5.0
KW_T_423_21_0047L,0.0,2.0,4.0,3.0
KW_T_423_21_0049L,3.0,,2.0,5.0
KW_T_423_21_0051L,3.0,5.0,2.0,5.0
KW_T_423_21_0053L,3.0,7.0,12.0,5.0
KW_T_423_21_0055L,3.0,,7.0,5.0
KW_T_423_21_0057L,3.0,4.0,5.0,5.0
KW_T_423_21_0059L,3.0,7.0,11.0,5.0
KW_T_423_21_0061L,3.0,17.0,22.0,5.0
KW_T_423_21_0063L,3.0,,21.0,5.0
KW_T_423_21_0065L,3.0,8.0,9.0,5.0
KW_T_423_21_0067L,0.0,2.0,4.0,3.0
KW_T_423_21_0069L,3.0,5.0,8.0,5.0
KW_T_423_21_0071L,3.0,9.0,7.0,5.0
KW_T_423_21_0073L,3.0,14.0,19.0,5.0
KW_T_423_21_0075L,3.0,7.0,11.0,5.0
KW_T_423_21_0077L,0.0,2.0,4.0,3.0
KW_T_423_21_0079L,3.0,7.0,12.0,5.0
KW_T_423_21_0081L,3.0,7.0,12.0,5.0
KW_T_423_21_0083L,3.0,,14.0,5.0
KW_T_423_21_0085L,3.0,6.0,15.0,5.0
KW_T_423_21_0087L,0.0,2.0,4.0,3.0
KW_T_423_21_0089L,3.0,18.0,13.0,5.0
KW_T_423_21_0091L,3.0,,19.0,5.0
KW_T_423_21_0093L,3.0,3.0,5.0,5.0
KW_T_423_21_0095L,0.0,2.0,4.0,3.0
KW_T_423_21_0097L,0.0,2.0,4.0,3.0
KW_T_423_21_0099L,3.0,8.0,9.0,5.0
KW_T_423_21_0101L,3.0,7.0,10.0,5.0
KW_T_423_21_0103L,3.0,,,5.0
KW_T_423_21_0104L,3.0,4.0,5.0,5.0
KW_T_423_21_0106L,0.0,2.0,4.0,3.0
KW_T_423_21_0108L,3.0,7.0,15.0,5.0
KW_T_423_21_0110L,3.0,,13.0,5.0
KW_T_423_21_0112L,3.0,,6.0,5.0
KW_T_423_21_0114L,3.0,4.0,5.0,5.0
KW_T_423_21_0116L,0.0,2.0,4.0,3.0
KW_T_423_21_0118L,3.0,7.0,12.0,5.0
KW_T_423_21_0120L,3.0,7.0,11.0,5.0
KW_T_423_21_0122L,3.0,,,5.0
KW_T_423_21_0124L,0.0,2.0,4.0,3.0
KW_T_423_21_0126L,0.0,2.0,4.0,3.0
KW_T_423_21_0128L,3.0,10.0,1.0,5.0
KW_T_423_21_0129L,3.0,10.0,1.0,5.0
KW_T_423_21_0131L,3.0,,,5.0
KW_T_423_21_0133L,3.0,4.0,5.0,5.0
KW_T_423_21_0135L,0.0,2.0,4.0,3.0
KW_T_423_21_0137L,3.0,7.0,11.0,
KW_T_423_21_0139L,3.0,8.0,9.0,5.0
KW_T_423_21_0141L,3.0,20.0,19.0,5.0
KW_T_423_21_0143L,3.0,7.0,,5.0
KW_T_423_21_0145L,0.0,2.0,4.0,3.0
KW_T_423_21_0147L,3.0,11.0,6.0,5.0
KW_T_423_21_0149L,3.0,,13.0,5.0
KW_T_423_21_0151L,3.0,21.0,,5.0
KW_T_423_21_0153L,3.0,4.0,5.0,
KW_T_423_21_0155L,0.0,2.0,4.0,3.0
KW_T_423_21_0157L,3.0,,22.0,5.0
KW_T_423_21_0159L,3.0,8.0,9.0,5.0
KW_T_423_21_0161L,3.0,8.0,,5.0
KW_T_423_21_0163L,3.0,4.0,5.0,5.0
KW_T_423_21_0165L,0.0,2.0,4.0,3.0
KW_T_423_22_0009L,3.0,18.0,,5.0
KW_T_423_22_0011L,3.0,4.0,5.0,5.0
KW_T_423_22_0013L,3.0,,22.0,5.0
KW_T_423_22_0015L,3.0,7.0,10.0,5.0
KW_T_423_22_0017L,3.0,4.0,5.0,5.0
KW_T_423_22_0019L,3.0,7.0,10.0,5.0
KW_T_423_22_0021L,3.0,4.0,5.0,5.0
KW_T_423_22_0023L,3.0,6.0,,5.0
KW_T_423_22_0024L,3.0,,22.0,5.0
KW_T_423_22_0026L,0.0,2.0,4.0,3.0
KW_T_423_22_0028L,3.0,8.0,9.0,5.0
KW_T_423_22_0030L,3.0,,14.0,5.0
KW_T_423_22_0032L,3.0,16.0,21.0,5.0
KW_T_423_22_0034L,3.0,4.0,5.0,5.0
KW_T_423_22_0036L,0.0,2.0,4.0,3.0
KW_T_423_22_0038L,3.0,,19.0,5.0
KW_T_423_22_0040L,3.0,7.0,,5.0
KW_T_423_22_0042L,3.0,,22.0,5.0
KW_T_423_22_0044L,3.0,22.0,22.0,5.0
KW_T_423_22_0046L,0.0,2.0,4.0,3.0
KW_T_423_22_0048L,3.0,,21.0,5.0
KW_T_423_22_0050L,3.0,6.0,15.0,5.0
KW_T_423_22_0052L,3.0,4.0,5.0,5.0
KW_T_423_22_0054L,3.0,16.0,21.0,5.0
KW_T_423_22_0056L,0.0,2.0,4.0,3.0
KW_T_423_22_0058L,3.0,,15.0,5.0
KW_T_423_22_0059L,3.0,,,5.0
KW_T_423_22_0061L,3.0,11.0,6.0,5.0
KW_T_423_22_0063L,3.0,,5.0,
KW_T_423_22_0065L,0.0,2.0,4.0,3.0
KW_T_423_22_0067L,3.0,18.0,13.0,5.0
KW_T_423_22_0069L,3.0,4.0,5.0,5.0
KW_T_423_22_0071L,3.0,19.0,18.0,5.0
KW_T_423_22_0073L,3.0,8.0,,5.0
KW_T_423_22_0075L,0.0,2.0,4.0,
KW_T_423_22_0077L,3.0,8.0,9.0,5.0
KW_T_423_22_0079L,3.0,8.0,9.0,5.0
KW_T_423_22_0081L,3.0,16.0,21.0,5.0
KW_T_423_22_0083L,3.0,,3.0,5.0
KW_T_423_22_0085L,0.0,2.0,4.0,3.0
KW_T_423_22_0087L,3.0,6.0,15.0,5.0
KW_T_423_22_0089L,3.0,4.0,5.0,5.0
KW_T_423_22_0091L,3.0,,22.0,5.0
KW_T_423_22_0093L,3.0,6.0,15.0,5.0
KW_T_423_22_0095L,0.0,2.0,4.0,3.0
KW_T_423_22_0097L,3.0,5.0,8.0,5.0
KW_T_423_22_0098L,3.0,5.0,8.0,5.0
KW_T_423_22_0100L,3.0,,22.0,5.0
KW_T_423_22_0102L,3.0,,19.0,5.0
KW_T_423_22_0104L,0.0,2.0,4.0,3.0
KW_T_423_22_0106L,3.0,,5.0,5.0
KW_T_423_22_0108L,3.0,21.0,21.0,5.0
KW_T_423_22_0110L,1.0,2.0,3.0,4.0
KW_T_423_22_0112L,3.0,11.0,6.0,5.0
KW_T_423_22_0114L,0.0,2.0,4.0,3.0
KW_T_423_22_0116L,3.0,,,5.0
KW_T_423_22_0118L,3.0,,,5.0
KW_T_423_22_0120L,3.0,,,5.0
KW_T_423_22_0122L,3.0,14.0,20.0,5.0
KW_T_423_22_0124L,0.0,2.0,4.0,3.0
KW_T_423_22_0126L,3.0,7.0,,5.0
KW_T_423_22_0128L,3.0,,,5.0
KW_T_423_22_0130L,3.0,17.0,22.0,5.0
KW_T_423_22_0132L,0.0,2.0,4.0,
KW_T_423_22_0134L,0.0,2.0,4.0,3.0
KW_T_423_22_0136L,3.0,7.0,12.0,5.0
KW_T_423_22_0138L,3.0,4.0,5.0,5.0
KW_T_423_22_0141L,3.0,17.0,22.0,5.0
KW_T_423_22_0143L,0.0,2.0,4.0,3.0
KW_T_423_22_0145L,0.0,2.0,4.0,3.0
KW_T_423_22_0147L,3.0,1.0,2.0,2.0
KW_T_423_22_0149L,3.0,4.0,5.0,5.0
KW_T_423_22_0151L,3.0,17.0,22.0,5.0
KW_T_423_22_0153L,3.0,4.0,5.0,5.0
KW_T_423_22_0155L,0.0,2.0,4.0,3.0
KW_T_423_22_0157L,3.0,7.0,,5.0
KW_T_423_22_0159L,3.0,6.0,15.0,5.0
KW_T_423_22_0161L,3.0,,,0.0
KW_T_423_22_0163L,0.0,2.0,4.0,3.0
KW_T_423_22_0165L,0.0,2.0,4.0,3.0
KW_T_423_22_0167L,3.0,6.0,15.0,5.0
KW_T_423_22_0169L,3.0,7.0,11.0,5.0
KW_T_423_22_0171L,3.0,4.0,5.0,5.0
KW_T_423_22_0174L,3.0,4.0,5.0,5.0
KW_T_423_23_0009L,3.0,11.0,6.0,5.0
KW_T_423_23_0011L,3.0,4.0,5.0,5.0
KW_T_423_23_0013L,3.0,7.0,7.0,5.0
KW_T_423_23_0016L,3.0,7.0,21.0,5.0
KW_T_423_23_0018L,0.0,2.0,3.0,5.0
KW_T_423_23_0020L,3.0,1.0,2.0,2.0
KW_T_423_23_0022L,3.0,11.0,6.0,5.0
KW_T_423_23_0024L,3.0,,20.0,5.0
KW_T_423_23_0026L,3.0,4.0,5.0,5.0
KW_T_423_23_0028L,0.0,2.0,4.0,3.0
KW_T_423_23_0030L,3.0,,21.0,5.0
KW_T_423_23_0032L,3.0,4.0,5.0,5.0
KW_T_423_23_0034L,0.0,2.0,4.0,3.0
KW_T_423_23_0035R,1.0,2.0,3.0,
KW_T_423_23_0037L,0.0,2.0,4.0,3.0
KW_T_423_23_0039L,3.0,,19.0,5.0
KW_T_423_23_0041L,3.0,16.0,,5.0
KW_T_423_23_0043L,3.0,4.0,5.0,5.0
KW_T_423_23_0045L,3.0,,17.0,5.0
KW_T_423_23_0047L,3.0,7.0,,5.0
KW_T_423_23_0049L,3.0,1.0,2.0,2.0
KW_T_423_23_0051L,3.0,1.0,2.0,2.0
KW_T_423_23_0053L,3.0,1.0,2.0,2.0
KW_T_423_23_0055L,3.0,1.0,2.0,2.0
KW_T_423_23_0058L,3.0,1.0,2.0,5.0
KW_T_423_23_0060L,3.0,1.0,2.0,2.0
KW_T_423_23_0062L,3.0,1.0,2.0,2.0
KW_T_423_23_0064L,3.0,15.0,14.0,5.0
KW_T_423_23_0066L,3.0,,5.0,
KW_T_423_23_0068L,0.0,2.0,4.0,3.0
KW_T_423_23_0070L,3.0,17.0,22.0,5.0
KW_T_423_23_0072L,3.0,10.0,1.0,5.0
KW_T_423_23_0075L,3.0,10.0,1.0,5.0
KW_T_423_23_0078L,3.0,8.0,9.0,5.0
KW_T_423_23_0080L,0.0,2.0,4.0,3.0
KW_T_423_23_0082L,3.0,10.0,1.0,5.0
KW_T_423_23_0084L,3.0,21.0,22.0,5.0
KW_T_423_23_0086L,3.0,,20.0,5.0
KW_T_423_23_0088L,0.0,2.0,4.0,3.0
KW_T_423_23_0090L,0.0,2.0,4.0,3.0
KW_T_423_23_0092L,3.0,10.0,1.0,5.0
KW_T_423_23_0094L,3.0,,21.0,5.0
KW_T_423_23_0096L,3.0,4.0,5.0,5.0
KW_T_423_23_0098L,0.0,2.0,4.0,3.0
KW_T_423_23_0100L,0.0,2.0,4.0,3.0
KW_T_423_23_0102L,3.0,,,
KW_T_423_23_0104L,3.0,20.0,17.0,5.0
KW_T_423_23_0106L,3.0,8.0,,5.0
KW_T_423_23_0108L,0.0,2.0,4.0,3.0
KW_T_423_23_0110L,0.0,2.0,4.0,3.0
KW_T_423_23_0112L,3.0,10.0,1.0,5.0
KW_T_423_23_0114L,3.0,22.0,22.0,5.0
KW_T_423_23_0116L,3.0,4.0,5.0,5.0
KW_T_423_23_0118L,0.0,2.0,4.0,3.0
KW_T_423_23_0120L,0.0,2.0,4.0,3.0
KW_T_423_23_0122L,3.0,5.0,8.0,5.0
KW_T_423_23_0124L,3.0,5.0,8.0,5.0
KW_T_423_23_0126L,3.0,21.0,8.0,5.0
KW_T_423_23_0128L,0.0,2.0,4.0,3.0
KW_T_423_23_0130L,0.0,2.0,4.0,3.0
KW_T_423_23_0132L,3.0,,,5.0
KW_T_423_23_0134L,3.0,1.0,2.0,2.0
KW_T_423_23_0136R,3.0,1.0,2.0,2.0
KW_T_423_23_0139L,0.0,2.0,4.0,3.0
KW_T_423_23_0141L,0.0,2.0,4.0,3.0
KW_T_423_23_0143L,3.0,4.0,5.0,5.0
KW_T_423_23_0145L,3.0,1.0,2.0,2.0
KW_T_423_23_0147R,3.0,1.0,2.0,2.0
KW_T_423_23_0151L,3.0,1.0,2.0,2.0
KW_T_423_23_0153L,0.0,2.0,4.0,3.0
KW_T_423_23_0155R,3.0,8.0,9.0,5.0
KW_T_423_23_0157L,3.0,1.0,2.0,2.0
KW_T_423_23_0160L,3.0,1.0,2.0,2.0
KW_T_423_23_0162L,0.0,2.0,4.0,3.0
KW_T_423_23_0164R,0.0,2.0,4.0,3.0
KW_T_423_24_0009L,3.0,,22.0,5.0
KW_T_423_24_0011L,3.0,4.0,5.0,5.0
KW_T_423_24_0014L,3.0,4.0,5.0,5.0
KW_T_423_24_0016L,3.0,4.0,5.0,5.0
KW_T_423_24_0018L,0.0,2.0,4.0,3.0
KW_T_423_24_0020L,3.0,1.0,2.0,2.0
KW_T_423_24_0022L,3.0,7.0,10.0,5.0
KW_T_423_24_0024L,3.0,,,5.0
KW_T_423_24_0026L,0.0,2.0,4.0,3.0
KW_T_423_24_0028L,0.0,2.0,4.0,3.0
KW_T_423_24_0030L,3.0,,,
KW_T_423_24_0032L,3.0,,21.0,5.0
KW_T_423_24_0034L,3.0,7.0,10.0,5.0
KW_T_423_24_0036L,0.0,2.0,4.0,3.0
KW_T_423_24_0038L,0.0,2.0,4.0,3.0
KW_T_423_24_0040L,3.0,10.0,1.0,5.0
KW_T_423_24_0041R,3.0,10.0,1.0,5.0
KW_T_423_24_0043L,3.0,11.0,6.0,5.0
KW_T_423_24_0045L,3.0,7.0,,5.0
KW_T_423_24_0047L,0.0,2.0,4.0,3.0
KW_T_423_24_0049L,3.0,16.0,16.0,5.0
KW_T_423_24_0051L,3.0,,,5.0
KW_T_423_24_0053L,3.0,2.0,4.0,5.0
KW_T_423_24_0055L,0.0,2.0,4.0,3.0
KW_T_423_24_0055R,0.0,2.0,4.0,3.0
KW_T_423_24_0058L,3.0,1.0,2.0,2.0
KW_T_423_24_0060L,3.0,1.0,2.0,2.0
KW_T_423_24_0062L,3.0,4.0,5.0,5.0
KW_T_423_24_0064L,0.0,2.0,4.0,3.0
KW_T_423_24_0066L,0.0,2.0,4.0,3.0
KW_T_423_24_0068L,3.0,1.0,2.0,2.0
KW_T_423_24_0071L,3.0,4.0,5.0,5.0
KW_T_423_24_0073L,3.0,8.0,9.0,5.0
KW_T_423_24_0075L,0.0,2.0,4.0,3.0
KW_T_423_24_0077L,0.0,2.0,4.0,3.0
KW_T_423_24_0079L,3.0,1.0,2.0,2.0
KW_T_423_24_0081L,3.0,1.0,2.0,2.0
KW_T_423_24_0084L,0.0,2.0,4.0,3.0
KW_T_423_24_0086L,0.0,2.0,4.0,3.0
KW_T_423_24_0088L,0.0,2.0,4.0,3.0
KW_T_423_24_0091L,3.0,22.0,22.0,5.0
KW_T_423_24_0093L,3.0,4.0,,5.0
KW_T_423_24_0095L,0.0,2.0,4.0,3.0
KW_T_423_24_0097L,0.0,2.0,4.0,3.0
KW_T_423_24_0099L,0.0,2.0,4.0,3.0
KW_T_423_24_0101L,3.0,1.0,2.0,2.0
KW_T_423_24_0103L,3.0,4.0,5.0,5.0
KW_T_423_24_0105L,3.0,8.0,9.0,5.0
KW_T_423_24_0107L,0.0,2.0,4.0,3.0
KW_T_423_24_0109L,0.0,2.0,4.0,3.0
KW_T_423_24_0111L,3.0,1.0,2.0,2.0
KW_T_423_24_0113L,3.0,22.0,22.0,5.0
KW_T_423_24_0115L,0.0,2.0,4.0,3.0
KW_T_423_24_0117L,0.0,2.0,4.0,3.0
KW_T_423_24_0119L,0.0,2.0,4.0,3.0
KW_T_423_24_0121L,3.0,1.0,2.0,2.0
KW_T_423_24_0124L,3.0,10.0,1.0,5.0
KW_T_423_24_0126L,1.0,2.0,3.0,3.0
KW_T_423_24_0128L,0.0,2.0,4.0,3.0
KW_T_423_24_0130L,0.0,2.0,3.0,5.0
KW_T_423_24_0133L,3.0,1.0,2.0,2.0
KW_T_423_24_0135L,3.0,4.0,5.0,5.0
KW_T_423_24_0138L,3.0,5.0,8.0,5.0
KW_T_423_24_0140L,3.0,8.0,9.0,5.0
KW_T_423_24_0142L,0.0,2.0,4.0,4.0
KW_T_423_24_0144L,3.0,,17.0,5.0
KW_T_423_24_0146L,3.0,4.0,5.0,5.0
KW_T_423_24_0148L,1.0,2.0,3.0,
KW_T_423_24_0152L,0.0,2.0,3.0,3.0
KW_T_423_24_0154L,0.0,2.0,4.0,3.0
KW_T_423_24_0156L,3.0,,,5.0
KW_T_423_24_0158L,3.0,4.0,5.0,5.0
KW_T_423_24_0160L,3.0,,17.0,5.0
KW_T_423_24_0162L,0.0,2.0,4.0,3.0
KW_T_423_24_0164L,0.0,2.0,4.0,3.0
KW_T_423_24_0166L,0.0,2.0,4.0,3.0
KW_T_423_24_0169L,3.0,,,5.0
KW_T_423_24_0171L,3.0,15.0,14.0,5.0
KW_T_423_24_0174L,0.0,2.0,4.0,3.0
KW_T_423_24_0176L,0.0,2.0,4.0,3.0
KW_T_423_25_0008L,3.0,,,
KW_T_423_25_0010L,3.0,4.0,5.0,5.0
KW_T_423_25_0012L,0.0,2.0,4.0,3.0
KW_T_423_25_0015L,1.0,2.0,3.0,4.0
KW_T_423_25_0018L,0.0,2.0,4.0,3.0
KW_T_423_25_0020L,3.0,,17.0,5.0
KW_T_423_25_0022L,3.0,21.0,,5.0
KW_T_423_25_0024L,3.0,1.0,2.0,2.0
KW_T_423_25_0026L,0.0,2.0,4.0,3.0
KW_T_423_25_0028L,0.0,2.0,4.0,3.0
KW_T_423_25_0031L,3.0,1.0,2.0,2.0
KW_T_423_25_0033L,3.0,7.0,5.0,5.0
KW_T_423_25_0037L,3.0,20.0,,5.0
KW_T_423_25_0039L,0.0,2.0,4.0,3.0
KW_T_423_25_0042L,0.0,2.0,4.0,3.0
KW_T_423_25_0044L,3.0,7.0,11.0,5.0
KW_T_423_25_0046L,3.0,,,5.0
KW_T_423_25_0049L,0.0,2.0,4.0,3.0
KW_T_423_25_0052L,0.0,2.0,4.0,3.0
KW_T_423_25_0054L,0.0,2.0,4.0,3.0
KW_T_423_25_0056L,3.0,,,5.0
KW_T_423_25_0058L,3.0,1.0,2.0,2.0
KW_T_423_25_0061L,0.0,2.0,4.0,3.0
KW_T_423_25_0063L,0.0,2.0,4.0,3.0
KW_T_423_25_0065L,0.0,2.0,3.0,5.0
KW_T_423_25_0067L,3.0,,17.0,5.0
KW_T_423_25_0069L,3.0,4.0,5.0,5.0
KW_T_423_25_0071L,0.0,2.0,4.0,3.0
KW_T_423_25_0074L,0.0,2.0,4.0,3.0
KW_T_423_25_0076L,0.0,2.0,4.0,3.0
KW_T_423_25_0078L,3.0,,15.0,1.0
KW_T_423_25_0080L,3.0,4.0,5.0,5.0
KW_T_423_25_0083L,0.0,2.0,4.0,3.0
KW_T_423_25_0085L,0.0,2.0,4.0,3.0
KW_T_423_25_0087L,1.0,2.0,4.0,3.0
KW_T_423_25_0089L,3.0,1.0,2.0,2.0
KW_T_423_25_0092L,3.0,,,5.0
KW_T_423_25_0094L,1.0,2.0,3.0,
KW_T_423_25_0097L,0.0,2.0,4.0,3.0
KW_T_423_25_0100L,0.0,2.0,4.0,3.0
KW_T_423_25_0102L,3.0,1.0,2.0,2.0
KW_T_423_25_0104L,3.0,,22.0,5.0
KW_T_423_25_0106L,0.0,2.0,4.0,3.0
KW_T_423_25_0108L,0.0,2.0,3.0,3.0
KW_T_423_25_0111L,3.0,,22.0,5.0
KW_T_423_25_0113L,0.0,2.0,4.0,3.0
KW_T_423_25_0115L,3.0,7.0,11.0,5.0
KW_T_423_25_0117L,0.0,2.0,4.0,3.0
KW_T_423_25_0119L,0.0,2.0,4.0,3.0
KW_T_423_25_0121L,3.0,1.0,2.0,2.0
KW_T_423_25_0123L,0.0,2.0,4.0,3.0
KW_T_423_25_0125L,0.0,2.0,4.0,3.0
KW_T_423_25_0130L,0.0,2.0,4.0,3.0
KW_T_423_25_0133L,3.0,22.0,,5.0
KW_T_423_25_0135L,0.0,2.0,4.0,5.0
KW_T_423_25_0138L,0.0,2.0,4.0,3.0
KW_T_423_25_0141L,3.0,4.0,5.0,5.0
KW_T_423_25_0143L,3.0,4.0,5.0,5.0
KW_T_423_25_0145L,3.0,4.0,5.0,5.0
KW_T_423_25_0147L,0.0,2.0,4.0,3.0
KW_T_423_25_0150L,3.0,14.0,20.0,5.0
KW_T_423_25_0152L,3.0,,,5.0
KW_T_423_25_0154L,0.0,2.0,4.0,
KW_T_423_25_0157L,3.0,1.0,2.0,2.0
KW_T_423_25_0160L,0.0,2.0,4.0,3.0
KW_T_423_25_0162L,3.0,,17.0,5.0
KW_T_423_25_0164L,3.0,1.0,2.0,2.0
KW_T_423_25_0166L,0.0,2.0,4.0,3.0
KW_T_423_25_0168L,0.0,2.0,4.0,3.0
KW_T_423_25_0170L,0.0,2.0,4.0,3.0
KW_T_423_25_0172L,3.0,1.0,2.0,2.0
KW_T_423_25_0174L,3.0,,5.0,5.0
KW_T_423_25_0177L,0.0,2.0,4.0,3.0
KW_T_423_25_0179L,0.0,2.0,4.0,3.0
KW_T_423_25_0182L,0.0,2.0,4.0,3.0
KW_T_423_25_0184L,3.0,6.0,15.0,5.0
KW_T_423_25_0186L,3.0,4.0,5.0,5.0
KW_T_423_25_0188L,0.0,2.0,4.0,3.0
KW_T_423_25_0190L,0.0,2.0,4.0,3.0
KW_T_423_25_0192L,0.0,2.0,4.0,3.0
KW_T_423_2_0013R,3.0,14.0,20.0,5.0
KW_T_423_2_0015R,3.0,20.0,19.0,5.0
KW_T_423_2_0017R,3.0,7.0,,5.0
KW_T_423_2_0019R,3.0,4.0,5.0,5.0
KW_T_423_2_0021R,3.0,4.0,5.0,
KW_T_423_2_0023R,3.0,4.0,5.0,
KW_T_423_2_0025R,3.0,4.0,5.0,5.0
KW_T_423_2_0027R,3.0,4.0,5.0,5.0
KW_T_423_2_0029R,3.0,6.0,15.0,5.0
KW_T_423_2_0031R,3.0,,7.0,5.0
KW_T_423_2_0033R,3.0,3.0,5.0,5.0
KW_T_423_2_0035R,3.0,16.0,16.0,5.0
KW_T_423_2_0037R,3.0,,19.0,5.0
KW_T_423_2_0039R,3.0,18.0,,5.0
KW_T_423_2_0041R,3.0,20.0,,5.0
KW_T_423_2_0043R,3.0,18.0,13.0,5.0
KW_T_423_2_0045R,3.0,13.0,,5.0
KW_T_423_2_0047R,3.0,,,5.0
KW_T_423_2_0049R,3.0,16.0,,5.0
KW_T_423_2_0051R,3.0,21.0,21.0,5.0
KW_T_423_2_0053R,3.0,13.0,15.0,5.0
KW_T_423_2_0055R,3.0,7.0,11.0,5.0
KW_T_423_2_0057R,3.0,7.0,12.0,5.0
KW_T_423_2_0059R,3.0,7.0,,5.0
KW_T_423_2_0061R,3.0,4.0,5.0,5.0
KW_T_423_2_0063R,3.0,,,5.0
KW_T_423_2_0065R,3.0,11.0,,5.0
KW_T_423_2_0067R,3.0,11.0,6.0,5.0
KW_T_423_2_0069R,3.0,4.0,5.0,5.0
KW_T_423_2_0071R,3.0,4.0,5.0,5.0
KW_T_423_2_0073R,3.0,18.0,,5.0
KW_T_423_2_0075R,3.0,,19.0,5.0
KW_T_423_2_0077R,3.0,,,5.0
KW_T_423_2_0079R,3.0,,,5.0
KW_T_423_2_0081R,3.0,20.0,,5.0
KW_T_423_2_0083R,3.0,9.0,7.0,5.0
KW_T_423_2_0085R,3.0,5.0,8.0,5.0
KW_T_423_2_0087R,3.0,1.0,2.0,5.0
KW_T_423_2_0089R,3.0,7.0,10.0,5.0
KW_T_423_2_0091R,3.0,7.0,,5.0
KW_T_423_2_0093R,3.0,4.0,5.0,5.0
KW_T_423_2_0095R,3.0,19.0,18.0,5.0
KW_T_423_2_0097R,3.0,20.0,18.0,5.0
KW_T_423_2_0099R,3.0,14.0,20.0,5.0
KW_T_423_2_0101R,3.0,12.0,7.0,5.0
KW_T_423_2_0103R,3.0,21.0,,5.0
KW_T_423_2_0105R,3.0,,,5.0
KW_T_423_2_0107R,3.0,,,5.0
KW_T_423_2_0109R,3.0,6.0,15.0,5.0
KW_T_423_2_0111R,3.0,,19.0,5.0
KW_T_423_2_0113R,3.0,6.0,15.0,5.0
KW_T_423_2_0115R,3.0,,,5.0
KW_T_423_2_0117R,3.0,7.0,,5.0
KW_T_423_2_0119R,3.0,,,5.0
KW_T_423_2_0121R,3.0,6.0,15.0,5.0
KW_T_423_2_0123R,3.0,7.0,7.0,5.0
KW_T_423_2_0125R,3.0,,21.0,5.0
KW_T_423_2_0127R,3.0,16.0,21.0,5.0
KW_T_423_2_0129R,3.0,16.0,21.0,5.0
KW_T_423_2_0131R,3.0,5.0,8.0,5.0
KW_T_423_2_0133R,3.0,5.0,8.0,5.0
KW_T_423_2_0135R,3.0,,,5.0
KW_T_423_2_0137R,3.0,15.0,15.0,5.0
KW_T_423_2_0139R,3.0,13.0,15.0,1.0
KW_T_423_2_0141R,3.0,15.0,14.0,5.0
KW_T_423_2_0143R,3.0,13.0,15.0,1.0
KW_T_423_2_0145R,3.0,13.0,15.0,1.0
KW_T_423_2_0147R,3.0,13.0,15.0,1.0
KW_T_423_2_0149R,3.0,,,5.0
KW_T_423_2_0151R,3.0,15.0,14.0,5.0
KW_T_423_2_0153R,3.0,15.0,14.0,5.0
KW_T_423_2_0155R,3.0,13.0,15.0,5.0
KW_T_423_2_0157R,3.0,,,5.0
KW_T_423_2_0159R,3.0,,,5.0
KW_T_423_2_0161R,3.0,3.0,,5.0
KW_T_423_2_0163R,3.0,7.0,,5.0
KW_T_423_2_0165R,3.0,21.0,22.0,5.0
KW_T_423_2_0168R,3.0,7.0,,5.0
KW_T_423_2_0169R,3.0,,,5.0
KW_T_423_2_0171R,3.0,0.0,0.0,0.0
KW_T_423_3_0010R,3.0,,,5.0
KW_T_423_3_0012R,3.0,4.0,5.0,5.0
KW_T_423_3_0014R,3.0,4.0,5.0,5.0
KW_T_423_3_0016R,3.0,4.0,5.0,5.0
KW_T_423_3_0018R,3.0,4.0,5.0,5.0
KW_T_423_3_0020R,3.0,4.0,5.0,5.0
KW_T_423_3_0022R,3.0,4.0,5.0,5.0
KW_T_423_3_0024R,3.0,4.0,5.0,5.0
KW_T_423_3_0026R,3.0,4.0,5.0,5.0
KW_T_423_3_0028R,3.0,4.0,5.0,5.0
KW_T_423_3_0030R,3.0,13.0,15.0,1.0
KW_T_423_3_0032R,3.0,,14.0,5.0
KW_T_423_3_0034R,3.0,,,5.0
KW_T_423_3_0036R,3.0,7.0,12.0,5.0
KW_T_423_3_0038R,3.0,,22.0,5.0
KW_T_423_3_0040R,3.0,20.0,19.0,5.0
KW_T_423_3_0042R,3.0,18.0,22.0,5.0
KW_T_423_3_0044R,3.0,,20.0,5.0
KW_T_423_3_0046R,3.0,,,5.0
KW_T_423_3_0048R,3.0,,,5.0
KW_T_423_3_0050R,3.0,22.0,22.0,5.0
KW_T_423_3_0052R,3.0,18.0,13.0,5.0
KW_T_423_3_0054R,3.0,9.0,7.0,5.0
KW_T_423_3_0056R,3.0,9.0,7.0,
KW_T_423_3_0058R,3.0,16.0,21.0,5.0
KW_T_423_3_0060R,3.0,,,5.0
KW_T_423_3_0062R,3.0,7.0,12.0,5.0
KW_T_423_3_0064R,3.0,4.0,5.0,5.0
KW_T_423_3_0066R,3.0,4.0,5.0,5.0
KW_T_423_3_0068R,3.0,11.0,6.0,5.0
KW_T_423_3_0070R,3.0,4.0,5.0,5.0
KW_T_423_3_0072R,3.0,14.0,7.0,5.0
KW_T_423_3_0074R,3.0,16.0,21.0,5.0
KW_T_423_3_0076R,3.0,20.0,17.0,5.0
KW_T_423_3_0078R,3.0,16.0,21.0,5.0
KW_T_423_3_0080R,3.0,,5.0,5.0
KW_T_423_3_0082R,3.0,9.0,7.0,5.0
KW_T_423_3_0084R,3.0,,,5.0
KW_T_423_3_0086R,3.0,,22.0,5.0
KW_T_423_3_0088R,3.0,19.0,18.0,5.0
KW_T_423_3_0090R,3.0,19.0,18.0,5.0
KW_T_423_3_0092R,3.0,19.0,18.0,5.0
KW_T_423_3_0094R,3.0,,,5.0
KW_T_423_3_0096R,3.0,14.0,20.0,5.0
KW_T_423_3_0098R,3.0,,22.0,5.0
KW_T_423_3_0100R,3.0,21.0,,5.0
KW_T_423_3_0102R,3.0,21.0,21.0,5.0
KW_T_423_3_0104R,3.0,7.0,,5.0
KW_T_423_3_0106R,3.0,,22.0,5.0
KW_T_423_3_0108R,3.0,,21.0,5.0
KW_T_423_3_0110R,3.0,16.0,21.0,5.0
KW_T_423_3_0112R,3.0,16.0,,5.0
KW_T_423_3_0114R,3.0,,21.0,5.0
KW_T_423_3_0116R,3.0,8.0,9.0,5.0
KW_T_423_3_0118R,3.0,21.0,8.0,5.0
KW_T_423_3_0120R,3.0,,8.0,5.0
KW_T_423_3_0122R,3.0,5.0,8.0,5.0
KW_T_423_3_0124R,3.0,8.0,9.0,5.0
KW_T_423_3_0126R,3.0,8.0,9.0,5.0
KW_T_423_3_0128R,3.0,,,5.0
KW_T_423_3_0130R,3.0,,15.0,1.0
KW_T_423_3_0132R,3.0,6.0,15.0,5.0
KW_T_423_3_0134R,3.0,13.0,15.0,1.0
KW_T_423_3_0136R,3.0,15.0,,5.0
KW_T_423_3_0138R,3.0,,14.0,5.0
KW_T_423_3_0140R,3.0,13.0,15.0,1.0
KW_T_423_3_0142R,3.0,13.0,15.0,1.0
KW_T_423_3_0144R,3.0,,15.0,5.0
KW_T_423_3_0146R,3.0,6.0,15.0,5.0
KW_T_423_3_0148R,3.0,21.0,,5.0
KW_T_423_3_0150R,3.0,7.0,7.0,5.0
KW_T_423_3_0152R,3.0,,15.0,5.0
KW_T_423_3_0154R,3.0,6.0,15.0,5.0
KW_T_423_3_0156R,3.0,17.0,22.0,5.0
KW_T_423_3_0158R,3.0,6.0,,5.0
KW_T_423_3_0160R,3.0,11.0,6.0,5.0
KW_T_423_3_0162R,3.0,,6.0,5.0
KW_T_423_3_0164R,3.0,4.0,5.0,5.0
KW_T_423_3_0166R,3.0,19.0,18.0,5.0
KW_T_423_3_0167R,3.0,4.0,5.0,5.0
KW_T_423_4_0009L,3.0,,,5.0
KW_T_423_4_0011L,3.0,22.0,22.0,5.0
KW_T_423_4_0013L,3.0,16.0,21.0,5.0
KW_T_423_4_0015L,3.0,20.0,18.0,5.0
KW_T_423_4_0017L,3.0,4.0,,5.0
KW_T_423_4_0019L,3.0,4.0,5.0,5.0
KW_T_423_4_0021L,3.0,4.0,5.0,
KW_T_423_4_0023L,3.0,4.0,5.0,5.0
KW_T_423_4_0025L,3.0,4.0,5.0,5.0
KW_T_423_4_0027L,3.0,11.0,6.0,5.0
KW_T_423_4_0029L,3.0,11.0,6.0,5.0
KW_T_423_4_0031L,3.0,4.0,5.0,5.0
KW_T_423_4_0033L,3.0,,,5.0
KW_T_423_4_0035L,3.0,19.0,18.0,5.0
KW_T_423_4_0037L,3.0,,22.0,5.0
KW_T_423_4_0039L,3.0,,19.0,5.0
KW_T_423_4_0041L,3.0,,2.0,5.0
KW_T_423_4_0043L,3.0,7.0,11.0,5.0
KW_T_423_4_0045L,3.0,7.0,12.0,5.0
KW_T_423_4_0047L,3.0,7.0,12.0,5.0
KW_T_423_4_0049L,3.0,7.0,11.0,5.0
KW_T_423_4_0051L,3.0,7.0,10.0,5.0
KW_T_423_4_0053L,3.0,,21.0,5.0
KW_T_423_4_0055L,3.0,4.0,5.0,5.0
KW_T_423_4_0057L,3.0,4.0,,5.0
KW_T_423_4_0059L,3.0,4.0,5.0,5.0
KW_T_423_4_0061L,3.0,4.0,5.0,5.0
KW_T_423_4_0063L,3.0,4.0,5.0,5.0
KW_T_423_4_0065L,3.0,,17.0,5.0
KW_T_423_4_0067L,3.0,4.0,5.0,5.0
KW_T_423_4_0069L,3.0,16.0,21.0,5.0
KW_T_423_4_0071L,3.0,,,5.0
KW_T_423_4_0073L,3.0,,22.0,5.0
KW_T_423_4_0075L,3.0,,22.0,5.0
KW_T_423_4_0077L,3.0,21.0,22.0,5.0
KW_T_423_4_0079L,3.0,,,5.0
KW_T_423_4_0081L,3.0,4.0,,5.0
KW_T_423_4_0083L,3.0,,,5.0
KW_T_423_4_0085L,3.0,14.0,,5.0
KW_T_423_4_0087L,3.0,5.0,8.0,5.0
KW_T_423_4_0089L,3.0,5.0,8.0,5.0
KW_T_423_4_0091L,3.0,1.0,2.0,5.0
KW_T_423_4_0093L,3.0,5.0,8.0,5.0
KW_T_423_4_0095L,3.0,7.0,,5.0
KW_T_423_4_0097L,3.0,7.0,10.0,5.0
KW_T_423_4_0099L,3.0,7.0,10.0,5.0
KW_T_423_4_0101L,3.0,7.0,,5.0
KW_T_423_4_0103L,3.0,14.0,,5.0
KW_T_423_4_0105L,3.0,19.0,18.0,5.0
KW_T_423_4_0107L,3.0,19.0,18.0,5.0
KW_T_423_4_0109L,3.0,19.0,18.0,5.0
KW_T_423_4_0111L,3.0,19.0,18.0,5.0
KW_T_423_4_0113L,3.0,,,5.0
KW_T_423_4_0115L,3.0,6.0,15.0,5.0
KW_T_423_4_0117L,3.0,16.0,21.0,5.0
KW_T_423_4_0119L,3.0,,,5.0
KW_T_423_4_0121L,3.0,6.0,,5.0
KW_T_423_4_0123L,3.0,,,5.0
KW_T_423_4_0125L,3.0,5.0,8.0,5.0
KW_T_423_4_0127L,3.0,,21.0,5.0
KW_T_423_4_0129L,3.0,8.0,9.0,5.0
KW_T_423_4_0131L,3.0,,21.0,5.0
KW_T_423_4_0133L,3.0,,,5.0
KW_T_423_4_0135L,3.0,15.0,14.0,5.0
KW_T_423_4_0137L,3.0,,15.0,5.0
KW_T_423_4_0139L,3.0,13.0,15.0,1.0
KW_T_423_4_0141L,3.0,22.0,22.0,5.0
KW_T_423_4_0143L,3.0,6.0,15.0,5.0
KW_T_423_4_0145L,3.0,15.0,,5.0
KW_T_423_4_0147L,3.0,7.0,11.0,5.0
KW_T_423_4_0149L,3.0,6.0,15.0,5.0
KW_T_423_4_0151L,3.0,6.0,15.0,5.0
KW_T_423_4_0153L,3.0,11.0,6.0,5.0
KW_T_423_4_0155L,3.0,11.0,6.0,5.0
KW_T_423_4_0157L,3.0,4.0,5.0,5.0
KW_T_423_4_0159L,3.0,4.0,,5.0
KW_T_423_4_0161L,3.0,,1.0,
KW_T_423_4_0163L,3.0,11.0,6.0,5.0
KW_T_423_4_0165L,3.0,,,5.0
KW_T_423_4_0167L,3.0,7.0,,5.0
KW_T_423_5_0010R,3.0,7.0,12.0,5.0
KW_T_423_5_0012R,3.0,16.0,21.0,5.0
KW_T_423_5_0014R,3.0,7.0,12.0,5.0
KW_T_423_5_0016R,3.0,8.0,9.0,5.0
KW_T_423_5_0018R,3.0,,,5.0
KW_T_423_5_0020R,3.0,,15.0,5.0
KW_T_423_5_0022R,3.0,11.0,,5.0
KW_T_423_5_0024R,3.0,,7.0,5.0
KW_T_423_5_0026R,3.0,6.0,,5.0
KW_T_423_5_0028R,3.0,19.0,18.0,
KW_T_423_5_0030L,3.0,12.0,7.0,5.0
KW_T_423_5_0032L,3.0,19.0,,5.0
KW_T_423_5_0034L,3.0,19.0,18.0,5.0
KW_T_423_5_0036L,3.0,,,5.0
KW_T_423_5_0038L,1.0,3.0,,5.0
KW_T_423_5_0040L,3.0,4.0,5.0,5.0
KW_T_423_5_0042L,3.0,,17.0,5.0
KW_T_423_5_0044L,3.0,18.0,,5.0
KW_T_423_5_0046L,3.0,7.0,10.0,5.0
KW_T_423_5_0048L,3.0,4.0,5.0,5.0
KW_T_423_5_0050L,3.0,,20.0,5.0
KW_T_423_5_0052L,3.0,,22.0,5.0
KW_T_423_5_0054L,3.0,13.0,15.0,5.0
KW_T_423_5_0056L,3.0,,,5.0
KW_T_423_5_0058L,3.0,,1.0,5.0
KW_T_423_5_0060L,3.0,20.0,18.0,5.0
KW_T_423_5_0062L,3.0,,,5.0
KW_T_423_5_0064L,3.0,7.0,12.0,5.0
KW_T_423_5_0066L,3.0,4.0,5.0,5.0
KW_T_423_5_0068L,3.0,15.0,14.0,5.0
KW_T_423_5_0070L,3.0,,,5.0
KW_T_423_5_0072L,3.0,,,5.0
KW_T_423_5_0074L,3.0,4.0,5.0,5.0
KW_T_423_5_0076L,3.0,21.0,22.0,5.0
KW_T_423_5_0078L,3.0,,,5.0
KW_T_423_5_0080L,3.0,,,5.0
KW_T_423_5_0082L,3.0,4.0,5.0,5.0
KW_T_423_5_0084L,3.0,4.0,5.0,5.0
KW_T_423_5_0086L,3.0,4.0,5.0,5.0
KW_T_423_5_0088L,3.0,17.0,,5.0
KW_T_423_5_0090L,3.0,3.0,5.0,5.0
KW_T_423_5_0092L,3.0,4.0,5.0,5.0
KW_T_423_5_0094L,3.0,22.0,22.0,5.0
KW_T_423_5_0096L,3.0,15.0,14.0,5.0
KW_T_423_5_0098L,3.0,4.0,5.0,5.0
KW_T_423_5_0100L,3.0,4.0,5.0,5.0
KW_T_423_5_0102L,3.0,16.0,21.0,5.0
KW_T_423_5_0104L,3.0,16.0,16.0,5.0
KW_T_423_5_0106L,3.0,8.0,9.0,5.0
KW_T_423_5_0108L,3.0,13.0,15.0,5.0
KW_T_423_5_0110L,3.0,4.0,5.0,5.0
KW_T_423_5_0112L,3.0,,22.0,5.0
KW_T_423_5_0114L,3.0,,12.0,5.0
KW_T_423_5_0116L,3.0,,17.0,5.0
KW_T_423_5_0118L,3.0,,,5.0
KW_T_423_5_0120L,3.0,16.0,22.0,5.0
KW_T_423_5_0122L,3.0,4.0,5.0,5.0
KW_T_423_5_0124L,3.0,16.0,21.0,5.0
KW_T_423_5_0126L,3.0,,21.0,5.0
KW_T_423_5_0128L,3.0,,19.0,5.0
KW_T_423_5_0130L,3.0,4.0,5.0,5.0
KW_T_423_5_0132L,3.0,4.0,5.0,5.0
KW_T_423_5_0134L,3.0,16.0,21.0,5.0
KW_T_423_5_0136L,3.0,21.0,21.0,5.0
KW_T_423_5_0138L,3.0,21.0,22.0,5.0
KW_T_423_5_0140L,3.0,16.0,21.0,5.0
KW_T_423_5_0142L,3.0,,,5.0
KW_T_423_5_0144L,3.0,21.0,21.0,5.0
KW_T_423_5_0146L,3.0,19.0,18.0,5.0
KW_T_423_5_0148L,3.0,7.0,10.0,5.0
KW_T_423_5_0150L,3.0,16.0,21.0,5.0
KW_T_423_5_0152L,3.0,7.0,12.0,5.0
KW_T_423_5_0154L,3.0,7.0,12.0,5.0
KW_T_423_5_0156L,3.0,,5.0,5.0
KW_T_423_5_0158L,3.0,4.0,5.0,5.0
KW_T_423_5_0160L,3.0,7.0,12.0,5.0
KW_T_423_5_0162L,3.0,22.0,22.0,5.0
KW_T_423_5_0164L,3.0,7.0,10.0,5.0
KW_T_423_5_0166L,3.0,7.0,2.0,5.0
KW_T_423_5_0168L,3.0,3.0,,4.0
KW_T_423_6_0009R,3.0,14.0,20.0,5.0
KW_T_423_6_0011L,3.0,4.0,5.0,5.0
KW_T_423_6_0013L,3.0,,,5.0
KW_T_423_6_0015L,3.0,22.0,22.0,5.0
KW_T_423_6_0017L,3.0,6.0,,5.0
KW_T_423_6_0019L,3.0,4.0,5.0,5.0
KW_T_423_6_0021L,3.0,4.0,5.0,5.0
KW_T_423_6_0023L,3.0,20.0,19.0,5.0
KW_T_423_6_0025L,3.0,,,5.0
KW_T_423_6_0027L,3.0,15.0,14.0,5.0
KW_T_423_6_0029L,3.0,4.0,5.0,5.0
KW_T_423_6_0031L,3.0,12.0,7.0,5.0
KW_T_423_6_0033L,3.0,12.0,7.0,5.0
KW_T_423_6_0035L,3.0,16.0,21.0,5.0
KW_T_423_6_0037L,3.0,,,5.0
KW_T_423_6_0039L,3.0,4.0,5.0,5.0
KW_T_423_6_0041L,3.0,19.0,18.0,5.0
KW_T_423_6_0043L,3.0,16.0,21.0,5.0
KW_T_423_6_0045L,3.0,,,5.0
KW_T_423_6_0047L,3.0,21.0,21.0,5.0
KW_T_423_6_0049L,3.0,20.0,19.0,5.0
KW_T_423_6_0051L,3.0,,17.0,5.0
KW_T_423_6_0053L,3.0,,,5.0
KW_T_423_6_0055L,3.0,8.0,,5.0
KW_T_423_6_0057L,3.0,15.0,14.0,5.0
KW_T_423_6_0059L,3.0,16.0,16.0,5.0
KW_T_423_6_0061L,3.0,16.0,21.0,5.0
KW_T_423_6_0063L,3.0,,22.0,5.0
KW_T_423_6_0065L,3.0,16.0,21.0,5.0
KW_T_423_6_0067L,3.0,10.0,1.0,5.0
KW_T_423_6_0069L,3.0,22.0,22.0,5.0
KW_T_423_6_0071L,3.0,,18.0,5.0
KW_T_423_6_0073L,3.0,,17.0,5.0
KW_T_423_6_0075L,3.0,,22.0,5.0
KW_T_423_6_0077L,3.0,4.0,5.0,5.0
KW_T_423_6_0079L,3.0,4.0,5.0,5.0
KW_T_423_6_0081L,3.0,,,5.0
KW_T_423_6_0083L,3.0,15.0,15.0,5.0
KW_T_423_6_0085L,2.0,0.0,0.0,0.0
KW_T_423_6_0087L,3.0,2.0,3.0,3.0
KW_T_423_6_0089L,3.0,,,5.0
KW_T_423_6_0091L,3.0,,17.0,5.0
KW_T_423_6_0093L,3.0,5.0,8.0,5.0
KW_T_423_6_0095L,3.0,21.0,21.0,5.0
KW_T_423_6_0097L,2.0,0.0,0.0,0.0
KW_T_423_6_0099L,3.0,4.0,5.0,5.0
KW_T_423_6_0101L,3.0,4.0,5.0,5.0
KW_T_423_6_0103L,3.0,,22.0,5.0
KW_T_423_6_0105L,3.0,8.0,,5.0
KW_T_423_6_0107L,3.0,6.0,15.0,5.0
KW_T_423_6_0109L,3.0,22.0,22.0,5.0
KW_T_423_6_0111L,3.0,4.0,5.0,5.0
KW_T_423_6_0113L,3.0,4.0,5.0,5.0
KW_T_423_6_0115L,3.0,,18.0,5.0
KW_T_423_6_0117L,3.0,3.0,,
KW_T_423_6_0119L,3.0,4.0,5.0,5.0
KW_T_423_6_0121L,3.0,11.0,6.0,5.0
KW_T_423_6_0123L,3.0,14.0,,5.0
KW_T_423_6_0125L,3.0,7.0,12.0,5.0
KW_T_423_6_0127L,3.0,7.0,10.0,5.0
KW_T_423_6_0129L,3.0,4.0,5.0,5.0
KW_T_423_6_0131L,3.0,8.0,,5.0
KW_T_423_6_0133L,3.0,7.0,10.0,5.0
KW_T_423_6_0135L,3.0,7.0,10.0,5.0
KW_T_423_6_0137L,3.0,3.0,,
KW_T_423_6_0139L,3.0,4.0,5.0,5.0
KW_T_423_6_0141L,3.0,4.0,5.0,5.0
KW_T_423_6_0143L,3.0,4.0,5.0,5.0
KW_T_423_6_0145L,3.0,4.0,5.0,5.0
KW_T_423_6_0147L,3.0,4.0,5.0,5.0
KW_T_423_6_0149L,3.0,4.0,5.0,5.0
KW_T_423_6_0151L,3.0,7.0,12.0,5.0
KW_T_423_6_0153L,3.0,,12.0,5.0
KW_T_423_6_0155L,3.0,12.0,7.0,5.0
KW_T_423_6_0157R,1.0,,,5.0
KW_T_423_6_0159L,3.0,14.0,20.0,5.0
KW_T_423_6_0161L,3.0,16.0,16.0,
KW_T_423_6_0163L,3.0,14.0,20.0,5.0
KW_T_423_6_0165L,3.0,14.0,,5.0
KW_T_423_6_0167L,3.0,16.0,21.0,5.0
KW_T_423_7_0009L,3.0,4.0,5.0,5.0
KW_T_423_7_0011L,3.0,4.0,5.0,5.0
KW_T_423_7_0013L,3.0,,22.0,5.0
KW_T_423_7_0015L,3.0,7.0,10.0,5.0
KW_T_423_7_0017L,3.0,11.0,6.0,5.0
KW_T_423_7_0019L,3.0,4.0,5.0,5.0
KW_T_423_7_0021L,3.0,8.0,9.0,5.0
KW_T_423_7_0023L,2.0,0.0,0.0,0.0
KW_T_423_7_0025L,2.0,0.0,0.0,0.0
KW_T_423_7_0027L,2.0,0.0,0.0,0.0
KW_T_423_7_0029L,3.0,4.0,5.0,5.0
KW_T_423_7_0031L,3.0,16.0,21.0,5.0
KW_T_423_7_0033L,3.0,,,5.0
KW_T_423_7_0035L,3.0,10.0,1.0,5.0
KW_T_423_7_0037L,0.0,2.0,4.0,3.0
KW_T_423_7_0039L,3.0,16.0,,5.0
KW_T_423_7_0041L,3.0,4.0,5.0,5.0
KW_T_423_7_0043L,3.0,,19.0,5.0
KW_T_423_7_0045L,3.0,7.0,12.0,5.0
KW_T_423_7_0047L,3.0,,21.0,5.0
KW_T_423_7_0049L,3.0,,,5.0
KW_T_423_7_0051L,3.0,7.0,11.0,5.0
KW_T_423_7_0053L,3.0,7.0,11.0,5.0
KW_T_423_7_0055L,3.0,7.0,10.0,5.0
KW_T_423_7_0057L,3.0,7.0,10.0,5.0
KW_T_423_7_0059L,3.0,16.0,21.0,5.0
KW_T_423_7_0061L,3.0,16.0,21.0,5.0
KW_T_423_7_0063L,3.0,,18.0,5.0
KW_T_423_7_0065L,3.0,,,5.0
KW_T_423_7_0067L,3.0,2.0,3.0,5.0
KW_T_423_7_0069L,3.0,7.0,,5.0
KW_T_423_7_0071L,3.0,,5.0,5.0
KW_T_423_7_0073L,3.0,16.0,16.0,5.0
KW_T_423_7_0075L,3.0,15.0,14.0,5.0
KW_T_423_7_0077L,3.0,10.0,1.0,5.0
KW_T_423_7_0079L,3.0,,,5.0
KW_T_423_7_0081L,3.0,4.0,5.0,5.0
KW_T_423_7_0083L,3.0,16.0,21.0,5.0
KW_T_423_7_0085L,3.0,7.0,10.0,5.0
KW_T_423_7_0087L,3.0,,,5.0
KW_T_423_7_0089L,3.0,4.0,5.0,5.0
KW_T_423_7_0091L,3.0,4.0,5.0,5.0
KW_T_423_7_0093L,3.0,20.0,,5.0
KW_T_423_7_0095L,3.0,16.0,16.0,5.0
KW_T_423_7_0097L,3.0,3.0,5.0,5.0
KW_T_423_7_0099L,3.0,4.0,5.0,5.0
KW_T_423_7_0101L,3.0,16.0,16.0,5.0
KW_T_423_7_0103L,3.0,4.0,5.0,5.0
KW_T_423_7_0105L,3.0,11.0,6.0,5.0
KW_T_423_7_0107L,3.0,,3.0,5.0
KW_T_423_7_0109L,3.0,4.0,5.0,5.0
KW_T_423_7_0111L,3.0,,17.0,5.0
KW_T_423_7_0113L,3.0,,17.0,5.0
KW_T_423_7_0115L,3.0,11.0,6.0,5.0
KW_T_423_7_0117L,3.0,,,5.0
KW_T_423_7_0119L,3.0,4.0,5.0,5.0
KW_T_423_7_0121L,3.0,4.0,5.0,5.0
KW_T_423_7_0123L,3.0,16.0,21.0,5.0
KW_T_423_7_0125L,3.0,12.0,7.0,5.0
KW_T_423_7_0127L,3.0,6.0,15.0,5.0
KW_T_423_7_0129L,3.0,,,5.0
KW_T_423_7_0131L,3.0,,,5.0
KW_T_423_7_0133L,3.0,,,5.0
KW_T_423_7_0135L,3.0,4.0,5.0,5.0
KW_T_423_7_0137L,2.0,0.0,0.0,0.0
KW_T_423_7_0139L,3.0,4.0,5.0,5.0
KW_T_423_7_0141L,3.0,,,5.0
KW_T_423_7_0143L,3.0,16.0,21.0,5.0
KW_T_423_7_0145L,3.0,16.0,16.0,5.0
KW_T_423_7_0147L,3.0,4.0,5.0,5.0
KW_T_423_7_0149L,3.0,14.0,,5.0
KW_T_423_7_0151L,3.0,7.0,7.0,5.0
KW_T_423_7_0153L,3.0,16.0,16.0,5.0
KW_T_423_7_0155L,3.0,7.0,,5.0
KW_T_423_7_0157L,3.0,4.0,5.0,5.0
KW_T_423_7_0159L,3.0,,21.0,5.0
KW_T_423_7_0161L,3.0,,21.0,5.0
KW_T_423_7_0163L,3.0,8.0,9.0,5.0
KW_T_423_7_0165L,3.0,8.0,9.0,5.0
KW_T_423_7_0167L,3.0,12.0,7.0,5.0
KW_T_423_8_0011L,3.0,4.0,5.0,5.0
KW_T_423_8_0013L,3.0,16.0,21.0,5.0
KW_T_423_8_0015L,3.0,21.0,22.0,5.0
KW_T_423_8_0017L,3.0,15.0,15.0,5.0
KW_T_423_8_0019L,3.0,6.0,15.0,5.0
KW_T_423_8_0021L,3.0,22.0,,5.0
KW_T_423_8_0023L,3.0,7.0,12.0,5.0
KW_T_423_8_0025L,3.0,,17.0,5.0
KW_T_423_8_0027L,3.0,,,5.0
KW_T_423_8_0029L,3.0,19.0,18.0,5.0
KW_T_423_8_0031L,3.0,4.0,5.0,5.0
KW_T_423_8_0033L,3.0,16.0,22.0,5.0
KW_T_423_8_0035L,3.0,,2.0,5.0
KW_T_423_8_0037L,3.0,15.0,14.0,5.0
KW_T_423_8_0039L,2.0,0.0,0.0,0.0
KW_T_423_8_0041L,3.0,4.0,5.0,5.0
KW_T_423_8_0043L,3.0,4.0,5.0,5.0
KW_T_423_8_0045L,3.0,,22.0,5.0
KW_T_423_8_0047L,3.0,,22.0,5.0
KW_T_423_8_0049L,3.0,7.0,,5.0
KW_T_423_8_0051L,3.0,,5.0,5.0
KW_T_423_8_0053L,3.0,16.0,,5.0
KW_T_423_8_0055L,3.0,16.0,16.0,5.0
KW_T_423_8_0057L,3.0,4.0,5.0,5.0
KW_T_423_8_0059L,3.0,,,5.0
KW_T_423_8_0061L,3.0,16.0,,5.0
KW_T_423_8_0063L,3.0,4.0,5.0,5.0
KW_T_423_8_0065L,3.0,,7.0,5.0
KW_T_423_8_0067L,3.0,,,5.0
KW_T_423_8_0069L,0.0,2.0,4.0,3.0
KW_T_423_8_0071L,3.0,,,5.0
KW_T_423_8_0073L,3.0,4.0,5.0,5.0
KW_T_423_8_0075L,3.0,4.0,5.0,5.0
KW_T_423_8_0077L,3.0,7.0,,5.0
KW_T_423_8_0079L,3.0,14.0,20.0,5.0
KW_T_423_8_0081L,3.0,16.0,21.0,5.0
KW_T_423_8_0083L,3.0,16.0,,5.0
KW_T_423_8_0085L,3.0,,,5.0
KW_T_423_8_0087L,3.0,20.0,,5.0
KW_T_423_8_0089L,3.0,15.0,14.0,5.0
KW_T_423_8_0091L,3.0,4.0,5.0,5.0
KW_T_423_8_0093L,3.0,,,5.0
KW_T_423_8_0095L,3.0,2.0,3.0,5.0
KW_T_423_8_0097L,3.0,2.0,3.0,5.0
KW_T_423_8_0099L,3.0,2.0,,5.0
KW_T_423_8_0101L,3.0,,,5.0
KW_T_423_8_0103L,3.0,4.0,5.0,5.0
KW_T_423_8_0105L,3.0,17.0,22.0,5.0
KW_T_423_8_0107L,3.0,19.0,18.0,5.0
KW_T_423_8_0109L,3.0,11.0,6.0,5.0
KW_T_423_8_0111L,3.0,4.0,5.0,5.0
KW_T_423_8_0113L,3.0,,22.0,5.0
KW_T_423_8_0115L,3.0,21.0,,5.0
KW_T_423_8_0117L,3.0,2.0,,3.0
KW_T_423_8_0119L,3.0,7.0,10.0,5.0
KW_T_423_8_0121L,3.0,7.0,10.0,5.0
KW_T_423_8_0123L,3.0,2.0,4.0,3.0
KW_T_423_8_0125L,0.0,2.0,4.0,3.0
KW_T_423_8_0127L,3.0,2.0,3.0,
KW_T_423_8_0129L,3.0,21.0,21.0,5.0
KW_T_423_8_0131L,3.0,,,5.0
KW_T_423_8_0133L,3.0,,5.0,5.0
KW_T_423_8_0135L,3.0,,,5.0
KW_T_423_8_0137L,0.0,2.0,4.0,3.0
KW_T_423_8_0139L,0.0,2.0,4.0,3.0
KW_T_423_8_0141L,3.0,4.0,5.0,5.0
KW_T_423_8_0143L,3.0,13.0,15.0,5.0
KW_T_423_8_0145L,3.0,7.0,,5.0
KW_T_423_8_0147L,1.0,2.0,3.0,4.0
KW_T_423_8_0149L,0.0,2.0,4.0,3.0
KW_T_423_8_0151L,3.0,22.0,22.0,5.0
KW_T_423_8_0153L,3.0,4.0,5.0,5.0
KW_T_423_8_0155L,3.0,4.0,5.0,5.0
KW_T_423_8_0157L,3.0,2.0,,4.0
KW_T_423_8_0159L,3.0,2.0,3.0,5.0
KW_T_423_8_0161L,3.0,22.0,5.0,5.0
KW_T_423_8_0163L,3.0,,,5.0
KW_T_423_8_0165L,3.0,4.0,5.0,5.0
KW_T_423_8_0167L,3.0,4.0,5.0,5.0
KW_T_423_8_0169L,3.0,4.0,5.0,5.0
KW_T_423_9_0010L,3.0,,19.0,5.0
KW_T_423_9_0012L,3.0,,,5.0
KW_T_423_9_0014L,3.0,16.0,,5.0
KW_T_423_9_0016L,3.0,4.0,5.0,5.0
KW_T_423_9_0018L,3.0,18.0,,5.0
KW_T_423_9_0020L,3.0,14.0,,5.0
KW_T_423_9_0022L,3.0,22.0,22.0,5.0
KW_T_423_9_0024L,3.0,,17.0,5.0
KW_T_423_9_0026L,3.0,7.0,7.0,5.0
KW_T_423_9_0028L,3.0,4.0,5.0,5.0
KW_T_423_9_0030L,3.0,4.0,5.0,5.0
KW_T_423_9_0032L,3.0,,21.0,5.0
KW_T_423_9_0034L,3.0,6.0,15.0,5.0
KW_T_423_9_0036L,3.0,,,5.0
KW_T_423_9_0038L,0.0,2.0,4.0,3.0
KW_T_423_9_0040L,3.0,,5.0,5.0
KW_T_423_9_0042L,3.0,,19.0,5.0
KW_T_423_9_0044L,3.0,22.0,22.0,5.0
KW_T_423_9_0046L,3.0,2.0,4.0,5.0
KW_T_423_9_0048L,0.0,2.0,4.0,3.0
KW_T_423_9_0050L,3.0,4.0,5.0,5.0
KW_T_423_9_0052L,3.0,,6.0,5.0
KW_T_423_9_0054L,3.0,16.0,16.0,5.0
KW_T_423_9_0056L,3.0,5.0,8.0,5.0
KW_T_423_9_0058L,1.0,3.0,,4.0
KW_T_423_9_0060L,3.0,,,5.0
KW_T_423_9_0062L,3.0,4.0,5.0,5.0
KW_T_423_9_0064L,3.0,21.0,8.0,5.0
KW_T_423_9_0066L,3.0,2.0,3.0,
KW_T_423_9_0068L,0.0,2.0,4.0,3.0
KW_T_423_9_0070L,3.0,21.0,21.0,5.0
KW_T_423_9_0072L,3.0,12.0,7.0,5.0
KW_T_423_9_0074L,3.0,6.0,15.0,5.0
KW_T_423_9_0076L,0.0,2.0,4.0,5.0
KW_T_423_9_0078L,3.0,2.0,3.0,5.0
KW_T_423_9_0080L,3.0,4.0,5.0,5.0
KW_T_423_9_0082L,3.0,,,5.0
KW_T_423_9_0084L,3.0,4.0,5.0,5.0
KW_T_423_9_0086L,3.0,2.0,3.0,5.0
KW_T_423_9_0088L,3.0,2.0,3.0,5.0
KW_T_423_9_0090L,3.0,22.0,22.0,
KW_T_423_9_0092L,3.0,18.0,,5.0
KW_T_423_9_0094L,3.0,22.0,22.0,5.0
KW_T_423_9_0096L,3.0,2.0,3.0,5.0
KW_T_423_9_0098L,3.0,16.0,16.0,5.0
KW_T_423_9_0100L,3.0,16.0,21.0,5.0
KW_T_423_9_0102L,3.0,16.0,21.0,5.0
KW_T_423_9_0104L,3.0,4.0,5.0,5.0
KW_T_423_9_0106L,3.0,,19.0,5.0
KW_T_423_9_0108L,0.0,2.0,4.0,3.0
KW_T_423_9_0110L,3.0,4.0,5.0,5.0
KW_T_423_9_0112L,3.0,4.0,5.0,5.0
KW_T_423_9_0114L,3.0,15.0,14.0,5.0
KW_T_423_9_0116L,3.0,4.0,5.0,5.0
KW_T_423_9_0118L,1.0,2.0,4.0,3.0
KW_T_423_9_0120L,3.0,,21.0,5.0
KW_T_423_9_0122L,3.0,4.0,5.0,5.0
KW_T_423_9_0124L,3.0,,20.0,5.0
KW_T_423_9_0126L,3.0,19.0,18.0,5.0
KW_T_423_9_0128L,3.0,16.0,3.0,5.0
KW_T_423_9_0130L,3.0,,17.0,5.0
KW_T_423_9_0132L,3.0,,22.0,5.0
KW_T_423_9_0134L,3.0,,22.0,5.0
KW_T_423_9_0136L,3.0,22.0,22.0,5.0
KW_T_423_9_0138L,3.0,2.0,3.0,5.0
KW_T_423_9_0140L,3.0,7.0,11.0,5.0
KW_T_423_9_0142L,3.0,22.0,22.0,5.0
KW_T_423_9_0144L,3.0,8.0,9.0,5.0
KW_T_423_9_0146L,3.0,,,5.0
KW_T_423_9_0148L,3.0,16.0,,5.0
KW_T_423_9_0150L,3.0,7.0,10.0,5.0
KW_T_423_9_0152L,3.0,,21.0,5.0
KW_T_423_9_0154L,3.0,14.0,20.0,5.0
KW_T_423_9_0156L,3.0,17.0,,5.0
KW_T_423_9_0158L,0.0,2.0,4.0,3.0
KW_T_423_9_0160L,3.0,4.0,5.0,5.0
KW_T_423_9_0162L,3.0,,,5.0
KW_T_423_9_0164L,3.0,17.0,22.0,5.0
KW_T_423_9_0166L,3.0,,19.0,5.0
KW_T_423_9_0168L,0.0,2.0,4.0,3.0
KW_T_423a_26_0122R,3.0,1.0,2.0,2.0
KW_T_423a_26_0123R,3.0,4.0,5.0,5.0
KW_T_423a_26_0124R,3.0,4.0,5.0,5.0
KW_T_423a_26_0125R,0.0,2.0,4.0,5.0
KW_T_423a_26_0126R,1.0,2.0,3.0,
KW_T_423a_26_0127R,3.0,1.0,2.0,2.0
KW_T_423a_26_0128R,3.0,,17.0,5.0
KW_T_423a_26_0129R,0.0,2.0,4.0,3.0
KW_T_423a_26_0130R,0.0,2.0,4.0,3.0
KW_T_423a_26_0131R,0.0,2.0,4.0,3.0
KW_T_423a_26_0132R,3.0,13.0,15.0,1.0
KW_T_423a_26_0133R,3.0,7.0,,5.0
KW_T_423a_26_0134R,0.0,2.0,4.0,3.0
KW_T_423a_26_0135R,0.0,2.0,4.0,3.0
KW_T_423a_26_0136R,0.0,2.0,4.0,3.0
KW_T_423a_26_0137R,3.0,1.0,2.0,2.0
KW_T_423a_26_0138R,3.0,17.0,22.0,5.0
KW_T_423a_26_0139R,3.0,22.0,22.0,5.0
KW_T_423a_26_0140R,0.0,2.0,4.0,3.0
KW_T_423a_26_0141R,0.0,2.0,4.0,3.0
KW_T_423a_26_0142R,3.0,1.0,2.0,2.0
KW_T_423a_26_0143R,3.0,,,5.0
KW_T_423a_26_0144R,0.0,2.0,4.0,3.0
KW_T_423a_26_0145R,0.0,2.0,4.0,3.0
KW_T_423a_26_0146R,3.0,,,5.0
KW_T_423a_26_0147R,3.0,22.0,22.0,5.0
KW_T_423a_26_0148R,0.0,2.0,4.0,3.0
KW_T_423a_26_0149R,0.0,2.0,4.0,3.0
KW_T_423a_26_0150R,3.0,,,5.0
KW_T_423a_26_0151R,3.0,,17.0,5.0
KW_T_423a_26_0152R,0.0,2.0,4.0,3.0
KW_T_423a_26_0153R,0.0,2.0,4.0,3.0
KW_T_423a_26_0154R,3.0,1.0,2.0,2.0
KW_T_423a_26_0155R,3.0,,22.0,5.0
KW_T_423a_26_0156R,3.0,7.0,7.0,5.0
KW_T_423a_26_0157R,0.0,2.0,4.0,3.0
KW_T_423a_26_0158R,0.0,2.0,4.0,3.0
KW_T_423a_26_0159R,0.0,2.0,4.0,3.0
KW_T_423a_26_0160R,0.0,2.0,4.0,3.0
KW_T_423a_26_0161R,0.0,2.0,4.0,3.0
KW_T_423a_26_0162R,3.0,1.0,2.0,2.0
KW_T_423a_26_0163R,3.0,,19.0,5.0
KW_T_423a_26_0164R,3.0,1.0,2.0,2.0
KW_T_423a_26_0165R,3.0,17.0,22.0,5.0
KW_T_423a_26_0166R,0.0,2.0,4.0,3.0
KW_T_423a_26_0167R,0.0,2.0,4.0,3.0
KW_T_423a_26_0168R,0.0,2.0,4.0,3.0
KW_T_423a_26_0169R,0.0,2.0,4.0,3.0
KW_T_423a_26_0170R,3.0,1.0,2.0,2.0
KW_T_423a_26_0171R,3.0,,7.0,2.0
KW_T_423a_26_0172R,0.0,2.0,4.0,4.0
KW_T_423a_26_0173R,0.0,2.0,4.0,3.0
KW_T_423a_26_0174R,3.0,,,5.0
KW_T_423a_26_0175R,3.0,4.0,5.0,5.0
KW_T_423a_26_0176R,0.0,2.0,4.0,3.0
KW_T_423a_26_0177R,0.0,2.0,4.0,3.0
KW_T_423a_26_0178R,3.0,1.0,2.0,2.0
KW_T_423a_26_0179R,3.0,16.0,21.0,5.0
KW_T_423a_26_0180R,1.0,2.0,3.0,
KW_T_423a_26_0181R,0.0,2.0,4.0,3.0
KW_T_423a_26_0182R,3.0,8.0,9.0,5.0
KW_T_423a_26_0183R,3.0,19.0,18.0,2.0
KW_T_423a_26_0184R,0.0,2.0,4.0,3.0
KW_T_423a_26_0185R,0.0,2.0,4.0,3.0
KW_T_423a_26_0186R,3.0,1.0,2.0,2.0
KW_T_423a_26_0187R,3.0,18.0,13.0,5.0
KW_T_423a_26_0188R,0.0,2.0,4.0,3.0
KW_T_423a_26_0189R,0.0,2.0,4.0,3.0
KW_T_423a_26_0190R,3.0,1.0,2.0,2.0
KW_T_423a_26_0191R,3.0,,19.0,5.0
KW_T_423a_26_0192R,0.0,2.0,4.0,3.0
KW_T_423a_26_0193R,0.0,2.0,4.0,3.0
KW_T_423a_26_0194R,3.0,1.0,2.0,2.0
KW_T_423a_26_0195R,0.0,2.0,4.0,3.0
KW_T_423a_26_0196R,0.0,2.0,4.0,3.0
KW_T_423a_26_0197R,0.0,2.0,4.0,3.0
KW_T_423a_26_0198R,3.0,,,5.0
KW_T_423a_26_0199R,0.0,2.0,4.0,3.0
KW_T_423a_26_0200R,0.0,2.0,4.0,3.0
KW_T_423a_26_0201R,0.0,2.0,4.0,3.0
KW_T_423a_27_0133R,3.0,1.0,2.0,2.0
KW_T_423a_27_0134R,3.0,,15.0,5.0
KW_T_423a_27_0135R,0.0,2.0,4.0,3.0
KW_T_423a_27_0136R,0.0,2.0,4.0,3.0
KW_T_423a_27_0137R,3.0,1.0,2.0,2.0
KW_T_423a_27_0138R,3.0,7.0,10.0,5.0
KW_T_423a_27_0139R,0.0,2.0,4.0,3.0
KW_T_423a_27_0140R,0.0,2.0,4.0,3.0
KW_T_423a_27_0141R,3.0,1.0,2.0,2.0
KW_T_423a_27_0142R,3.0,22.0,21.0,5.0
KW_T_423a_27_0143R,0.0,2.0,4.0,3.0
KW_T_423a_27_0144R,0.0,2.0,4.0,3.0
KW_T_423a_27_0145R,3.0,6.0,,5.0
KW_T_423a_27_0146R,3.0,,,5.0
KW_T_423a_27_0147R,0.0,2.0,3.0,3.0
KW_T_423a_27_0148R,0.0,2.0,4.0,3.0
KW_T_423a_27_0149R,3.0,1.0,2.0,2.0
KW_T_423a_27_0150R,3.0,4.0,5.0,5.0
KW_T_423a_27_0151R,0.0,2.0,4.0,3.0
KW_T_423a_27_0152R,0.0,2.0,4.0,5.0
KW_T_423a_27_0153R,3.0,1.0,2.0,2.0
KW_T_423a_27_0154R,0.0,2.0,4.0,3.0
KW_T_423a_27_0155R,0.0,2.0,4.0,3.0
KW_T_423a_27_0156R,0.0,2.0,4.0,3.0
KW_T_423a_27_0157R,3.0,,22.0,5.0
KW_T_423a_27_0158R,0.0,2.0,4.0,3.0
KW_T_423a_27_0159R,1.0,2.0,3.0,4.0
KW_T_423a_27_0160R,0.0,12.0,7.0,4.0
KW_T_423a_27_0161R,3.0,1.0,2.0,2.0
KW_T_423a_27_0162R,3.0,7.0,,5.0
KW_T_423a_27_0163R,0.0,2.0,4.0,3.0
KW_T_423a_27_0164R,0.0,2.0,4.0,3.0
KW_T_423a_27_0165R,3.0,,,5.0
KW_T_423a_27_0166R,3.0,1.0,2.0,2.0
KW_T_423a_27_0167R,0.0,2.0,4.0,3.0
KW_T_423a_27_0168R,0.0,2.0,4.0,3.0
KW_T_423a_27_0169R,3.0,1.0,2.0,2.0
KW_T_423a_27_0170R,0.0,2.0,4.0,3.0
KW_T_423a_27_0171R,0.0,2.0,4.0,3.0
KW_T_423a_27_0172R,0.0,2.0,4.0,3.0
KW_T_423a_27_0173R,3.0,1.0,2.0,2.0
KW_T_423a_27_0174R,0.0,2.0,4.0,
KW_T_423a_27_0175R,0.0,2.0,4.0,3.0
KW_T_423a_27_0176R,0.0,2.0,4.0,3.0
KW_T_423a_27_0177R,3.0,15.0,14.0,5.0
KW_T_423a_27_0178R,3.0,22.0,22.0,5.0
KW_T_423a_27_0179R,0.0,2.0,4.0,3.0
KW_T_423a_27_0180R,0.0,2.0,4.0,3.0
KW_T_423a_27_0181R,3.0,1.0,2.0,2.0
KW_T_423a_27_0182R,3.0,15.0,14.0,5.0
KW_T_423a_27_0183R,0.0,2.0,4.0,3.0
KW_T_423a_27_0184R,0.0,2.0,4.0,3.0
KW_T_423a_27_0185R,3.0,1.0,2.0,2.0
KW_T_423a_27_0186R,3.0,7.0,10.0,5.0
KW_T_423a_27_0187R,0.0,2.0,4.0,3.0
KW_T_423a_27_0188R,1.0,2.0,3.0,
KW_T_423a_27_0189R,3.0,1.0,2.0,2.0
KW_T_423a_27_0190R,3.0,18.0,13.0,5.0
KW_T_423a_27_0191R,0.0,2.0,4.0,3.0
KW_T_423a_27_0192R,0.0,2.0,4.0,3.0
KW_T_423a_27_0193R,3.0,1.0,2.0,2.0
KW_T_423a_27_0194R,3.0,2.0,3.0,3.0
KW_T_423a_27_0195R,0.0,2.0,4.0,3.0
KW_T_423a_27_0196R,0.0,2.0,4.0,3.0
KW_T_423a_27_0197R,3.0,1.0,2.0,2.0
KW_T_423a_27_0198R,0.0,2.0,3.0,3.0
KW_T_423a_27_0199R,0.0,2.0,4.0,3.0
KW_T_423a_27_0200R,3.0,12.0,,5.0
KW_T_423a_27_0201R,3.0,1.0,2.0,2.0
KW_T_423a_27_0202R,0.0,2.0,4.0,3.0
KW_T_423a_27_0203R,0.0,2.0,4.0,3.0
KW_T_423a_27_0204R,0.0,2.0,4.0,3.0
KW_T_423a_27_0205R,3.0,1.0,2.0,2.0
KW_T_423a_27_0206R,1.0,2.0,3.0,3.0
KW_T_423a_27_0207R,0.0,2.0,4.0,3.0
KW_T_423a_27_0208R,0.0,2.0,3.0,
KW_T_423a_27_0209R,3.0,1.0,2.0,2.0
KW_T_423a_27_0210R,0.0,2.0,4.0,3.0
KW_T_423a_27_0211R,0.0,2.0,4.0,3.0
KW_T_423a_27_0212R,0.0,2.0,3.0,3.0
KW_T_423a_28_0106R,3.0,1.0,2.0,2.0
KW_T_423a_28_0107R,0.0,2.0,4.0,3.0
KW_T_423a_28_0108R,0.0,2.0,4.0,3.0
KW_T_423a_28_0109R,0.0,2.0,4.0,3.0
KW_T_423a_28_0110R,3.0,1.0,2.0,2.0
KW_T_423a_28_0111R,0.0,2.0,4.0,3.0
KW_T_423a_28_0112R,0.0,2.0,4.0,3.0
KW_T_423a_28_0113R,0.0,2.0,4.0,3.0
KW_T_423a_28_0114R,3.0,1.0,2.0,2.0
KW_T_423a_28_0115R,3.0,2.0,4.0,3.0
KW_T_423a_28_0116R,0.0,2.0,4.0,3.0
KW_T_423a_28_0117R,0.0,2.0,4.0,5.0
KW_T_423a_28_0118R,3.0,1.0,2.0,2.0
KW_T_423a_28_0119R,0.0,2.0,4.0,3.0
KW_T_423a_28_0120R,0.0,2.0,4.0,3.0
KW_T_423a_28_0121R,0.0,2.0,4.0,3.0
KW_T_423a_28_0122R,3.0,1.0,2.0,2.0
KW_T_423a_28_0123R,0.0,2.0,4.0,3.0
KW_T_423a_28_0124R,0.0,2.0,4.0,3.0
KW_T_423a_28_0125R,0.0,2.0,4.0,3.0
KW_T_423a_28_0126R,3.0,1.0,2.0,2.0
KW_T_423a_28_0127R,0.0,2.0,4.0,3.0
KW_T_423a_28_0128R,0.0,2.0,4.0,3.0
KW_T_423a_28_0129R,0.0,2.0,4.0,3.0
KW_T_423a_28_0130R,3.0,1.0,2.0,2.0
KW_T_423a_28_0131R,0.0,2.0,4.0,3.0
KW_T_423a_28_0132R,0.0,2.0,4.0,3.0
KW_T_423a_28_0133R,0.0,2.0,4.0,3.0
KW_T_423a_28_0134R,3.0,1.0,2.0,2.0
KW_T_423a_28_0135R,0.0,2.0,4.0,3.0
KW_T_423a_28_0136R,0.0,2.0,4.0,3.0
KW_T_423a_28_0137R,0.0,2.0,4.0,3.0
KW_T_423a_28_0138R,3.0,1.0,2.0,2.0
KW_T_423a_28_0139R,0.0,2.0,4.0,3.0
KW_T_423a_28_0140R,0.0,2.0,4.0,3.0
KW_T_423a_28_0141R,0.0,2.0,4.0,3.0
KW_T_423a_28_0142R,3.0,1.0,2.0,2.0
KW_T_423a_28_0143R,0.0,7.0,7.0,5.0
KW_T_423a_28_0144R,0.0,2.0,4.0,3.0
KW_T_423a_28_0145R,0.0,2.0,4.0,3.0
KW_T_423a_28_0146R,3.0,1.0,2.0,2.0
KW_T_423a_28_0147R,0.0,2.0,4.0,3.0
KW_T_423a_28_0148R,0.0,2.0,4.0,3.0
KW_T_423a_28_0149R,0.0,2.0,4.0,3.0
KW_T_423a_28_0150R,3.0,1.0,2.0,2.0
KW_T_423a_28_0151R,0.0,2.0,4.0,3.0
KW_T_423a_28_0152R,0.0,2.0,4.0,3.0
KW_T_423a_28_0153R,0.0,2.0,4.0,3.0
KW_T_423a_28_0154R,3.0,7.0,10.0,5.0
KW_T_423a_28_0155R,0.0,2.0,3.0,5.0
KW_T_423a_28_0156R,3.0,,7.0,
KW_T_423a_28_0157R,0.0,2.0,4.0,3.0
KW_T_423a_28_0158R,3.0,5.0,8.0,5.0
KW_T_423a_28_0159R,0.0,2.0,4.0,3.0
KW_T_423a_28_0160R,0.0,2.0,4.0,3.0
KW_T_423a_28_0161R,0.0,2.0,4.0,3.0
KW_T_423a_28_0162R,3.0,22.0,22.0,5.0
KW_T_423a_28_0163R,0.0,2.0,3.0,3.0
KW_T_423a_28_0164R,0.0,2.0,4.0,3.0
KW_T_423a_28_0165R,0.0,2.0,4.0,3.0
KW_T_423a_28_0166R,3.0,,,5.0
KW_T_423a_28_0167R,0.0,2.0,4.0,3.0
KW_T_423a_28_0168R,0.0,2.0,4.0,3.0
KW_T_423a_28_0169R,0.0,2.0,4.0,3.0
KW_T_423a_28_0170R,3.0,14.0,20.0,5.0
KW_T_423a_28_0171R,3.0,4.0,5.0,5.0
KW_T_423a_28_0172R,0.0,2.0,4.0,3.0
KW_T_423a_28_0173R,0.0,2.0,3.0,3.0
KW_T_423a_28_0174R,3.0,14.0,21.0,5.0
KW_T_423a_28_0175R,3.0,4.0,5.0,5.0
KW_T_423a_28_0176R,0.0,2.0,4.0,3.0
KW_T_423a_28_0177R,0.0,2.0,4.0,3.0
KW_T_423a_28_0178R,3.0,19.0,18.0,5.0
KW_T_423a_28_0179R,3.0,21.0,21.0,5.0
KW_T_423a_28_0180R,0.0,2.0,4.0,3.0
KW_T_423a_28_0181R,1.0,2.0,3.0,4.0
KW_T_423a_28_0182R,3.0,6.0,,5.0
KW_T_423a_28_0183R,3.0,5.0,8.0,5.0
KW_T_423a_28_0184R,0.0,2.0,4.0,3.0
KW_T_423a_28_0185R,0.0,2.0,4.0,3.0
