genus,n_images,mean_pairwise_distance,std_pairwise_distance,color_space_volume,centroid_L,centroid_a,centroid_b
1.,1,,,,50.69165841392088,-6.306335626622195,16.756225638186915
AS:,1,,,,43.812545023318606,0.052148271095744936,10.131955123815594
Abortiporus,2,18.067975205778183,0.0,,53.84451577958241,-1.008749621529914,11.492767582806817
Abutilon,1,,,,51.823672739510556,0.008480505129027094,19.68331927476623
Acer,2,7.310222882868972,0.0,,44.47740867675962,-0.9189793914671021,12.48309907088121
Achillea,3,7.851637939087619,2.9679694683565017,,45.37318560559112,-2.7338319091828045,14.028307679142394
Acmella,1,,,,45.355028972787665,0.008480505129027094,18.34665707663402
Aconitum,2,25.204373695268135,0.0,,59.690116094506386,-3.132855726820649,13.592781252156005
Acorus,1,,,,55.10991285843133,-5.700867682228827,16.084924099283104
Actaea,1,,,,42.24637705524253,-0.19350428616601856,8.257517052513496
Adiantum,1,,,,40.263943039964786,1.8526823694204886,16.661823315643932
Adonis,2,10.132085107339844,0.0,,43.67784008064724,-2.1190492110700063,13.474907115312917
Adoxa,1,,,,59.194400972332744,-4.20747285348183,15.652073215314012
Aegagropila,2,9.926266355707861,0.0,,56.3183956354301,-0.2666066388748167,10.585667498882462
Aegilops,1,,,,46.544255787813405,-6.705771714243413,12.031394126667838
Aegopodium,1,,,,57.32026357536219,-2.285857368983679,16.84922816738339
Aesculus,1,,,,47.17408861907047,-0.8141203775034189,11.306900939052067
Aethusa,1,,,,46.31675672965982,-2.5769734358504492,11.174000348840584
Agaricales,2,25.037080739614343,0.0,,57.328208005606164,-4.374501743666714,15.177089460171784
Agariclales,1,,,,45.797588640536866,-0.5564242070370123,14.218738911514983
Agaricus,2,4.690039742496175,0.0,,50.47340239669557,0.31501052694501985,15.708900582614715
Agrimonia,2,9.728422772229584,0.0,,54.57463412581197,-0.9677003123434169,10.86547873227105
Agrocube,1,,,,41.722829187525676,-0.6770552408081609,13.704725324454792
Agrocybe,3,10.394466235627236,1.4447836416017759,,46.42726546238663,1.8554510695621973,15.473131985666278
Agrostemma,1,,,,48.39677227599046,-2.725637507636325,16.241522897553928
Agrostis,4,7.294456587170114,2.5659669188240746,12.590512726229836,49.00768695219964,-1.0033401164564817,16.606591467149062
Aira,2,14.650971638621378,0.0,,54.53794861552712,-0.9275734485693286,15.715587744910309
Ajuga,3,17.067793984391006,6.367291525931382,,46.67940293257854,-3.1242159599936814,16.091438117359257
Alchemilla,1,,,,51.05335405498181,-3.5343906330200237,20.050485570764454
Aleuria,1,,,,38.35139920057075,-0.6098495545737159,14.561675834776743
Alisma,2,3.5142586800261757,0.0,,53.4151868795959,-2.4382131725368685,14.902418719200462
Alliaria,1,,,,59.29372141421605,-4.892327170871069,17.31268253916751
Allium,7,13.135146221252247,8.006875400099608,111.46665267740948,46.3467434656845,-0.5564242070370123,13.366289889628613
Alnus,2,4.340498621398081,0.0,,56.561235426949565,-4.83324727575507,14.214972019714024
Alopecurus,7,13.690082851872077,6.801508655708401,190.9023209771871,53.307169640865496,-2.944412940726504,14.90168347303329
Althaea,1,,,,46.318650516716126,-2.1976677683546164,15.381597704672668
Alyssum,1,,,,57.55701007826545,-3.0559662851765146,14.475721410014897
Amanita,11,9.612949026859145,4.582636047951662,323.1290489599746,52.23399974838672,-2.332685564471193,16.439604158534227
Amaranthus,5,8.543273094729013,4.958463996350132,9.402370695378764,52.38191038471827,-1.1689032427227852,16.314267392407988
Amblystegium,2,7.945872319551084,0.0,,47.4045283013519,-2.7191436045595485,14.022509174242327
Ambrosia,3,16.4927132830743,2.146729189003091,,51.10277295878487,-2.7182821632490417,18.62789447084323
Amelanchier,2,17.675459569252958,0.0,,41.04246223749696,-0.08219246744596553,8.653884352828983
Ammi,1,,,,44.03771858769385,0.15543477961554863,14.6513030512741
Amsinckia,2,20.106082172401294,0.0,,51.517091418616296,-1.6681256619866942,13.876463244279215
Anacamptis,1,,,,50.52911257403264,-2.567061230578316,10.163929001567507
Anacyclus,1,,,,53.61484736085285,-3.6983463625674395,18.620039312222893
Anagallis,3,10.400315963322964,2.9128616890777645,,45.92692967300744,0.004372859228385373,8.52030462697233
Anaptychia,1,,,,38.03282992136493,0.08689785783411175,13.413891810201994
Anchusa,2,3.2285589896635813,0.0,,46.892847011742134,-1.322762301065511,14.736440811638495
Andromeda,1,,,,44.585828290432836,-0.8124715671145588,15.991389678338209
Anemone,5,9.417762470595928,4.253733403649469,33.64404657537694,48.43368463075949,-1.7608271250485474,14.228308244317622
Angelica,1,,,,53.97564388633381,-2.8943303591013048,14.521014545463284
Anisantha,2,11.694769505270651,0.0,,44.957252121126515,-1.9350418659426216,8.062606121163775
Antennaria,1,,,,40.31845887485705,-1.1544281912050924,10.46717345650594
Anthemis,5,7.165104780216173,3.1418766751291805,5.179060732933205,56.59484617211159,-2.302552457188467,16.487458972689375
Anthericum,1,,,,44.63749577092829,0.06722236071823873,9.472669192062833
Anthoxanthum,2,11.481892691986955,0.0,,47.355861185272985,-2.5381578266402416,11.250264456139934
Anthriscus,3,11.282277924261441,3.633203635407713,,47.72701843043833,-2.0532702367042632,11.394881136271184
Anthyllis,1,,,,50.255688480594756,-1.918351345371383,16.516028356694523
Apera,1,,,,46.43624050032322,-3.7956510363521545,16.353952278443252
Aphanes,1,,,,45.215602148132085,-1.9090996812267669,17.986561939098767
Apium,2,3.1127027010752957,0.0,,48.86630348320662,-1.926367506743576,12.795010368460897
Aquilegia,1,,,,48.89701433542041,-7.461804509753311,17.702111703374847
Arabidopsis,1,,,,45.1179853156144,-1.089601999521586,17.88887188486018
Arabis,2,7.237399250205353,0.0,,54.4223981858266,-3.3653069805155145,7.9494555767580355
Arctium,4,13.587434268630881,5.1020529643716435,43.99966740275367,49.472413997122295,-1.0161381960291926,13.240585289811301
Arcyria,2,22.82798328189108,0.0,,53.81741473462435,2.6048554769982637,19.838215255718772
Arenaria,1,,,,51.90613096590879,-0.5043814824967074,16.870943016861183
Aristolochia,1,,,,52.474252369988676,-3.211594263272055,15.285499678358239
Armeria,1,,,,44.2508746377807,-2.3042798918067042,14.239058707933205
Armillaria,2,8.680950164315735,0.0,,52.673555822788074,-3.1866732280424745,14.105876980994426
Armoracia,1,,,,51.11846701524021,-2.3453899729063696,12.208033688107545
Arnica,1,,,,59.77482854663272,-4.025193710564534,18.565325807731615
Arnoseris,1,,,,48.10778235437763,-3.5217458269072854,18.450108277054134
Arrhenatherum,1,,,,43.346026270710425,-1.0118720982516538,16.30982134692376
Artemisia,11,10.715713242732203,5.137631514749811,311.80225410813824,48.857201275755756,-0.2390398110058145,13.547304881346612
Arum,3,6.423402586643685,2.478745804136579,,46.037184512050814,-0.5564242070370123,6.557323221709388
Asarum,1,,,,49.83094581406925,-0.6608007667218696,14.502464879945641
Asclepias,1,,,,37.235304222688654,-0.2664217688810311,7.273817067167066
Ascocoryne,1,,,,49.21322654600479,-3.182331318517917,7.97116004130779
Ascomycetes,2,13.489688527808726,0.0,,46.99109185540971,-2.3737805211904024,10.79441986338594
Ascophyllum,1,,,,39.801041720610336,0.33326093713220706,10.370175446873686
Asparagus,2,16.593391333707725,0.0,,44.38515515195576,-0.9438951456403264,12.382975910251304
Asperugo,1,,,,47.01938302818347,-2.0889124794014613,15.223011516481177
Asphodelus,1,,,,49.40853878071238,2.0677289022846823,10.44231332002974
Asplenium,4,6.333031792940418,2.2181450408932455,8.90066045916224,51.68012215093555,-1.6453334518644336,14.461368677153231
Asterophora,2,13.867835788808033,0.0,,53.53970989448197,-0.45291093718584363,13.355775683363275
Astraeus,1,,,,45.791942923730474,-3.655805860680622,6.769997106431857
Astragalus,1,,,,51.59983368748064,-3.395847588385126,12.865118720888645
Athyrium,1,,,,36.068489636869835,0.07978221981261302,13.124511781419235
Atrichum,1,,,,39.69070835209468,-0.7041682414015704,13.30803957025477
Atriplex,7,7.53119165831341,3.581145302190135,55.99899062838594,47.29085688352461,-1.548846563764028,13.733958830249193
Atropa,1,,,,56.672601496656625,0.16724596580214302,17.3776877163901
Aulacomnium,2,9.01065034974533,0.0,,46.95445760803152,-2.0567565428755987,9.12901677107153
Auricularia,1,,,,33.68301890055958,0.09113702303314986,9.068505551479756
Auriscalpium,1,,,,49.12800458245927,-2.1597304627553604,8.70121182013226
Avena,5,11.858319743461731,6.132799733661547,21.82803953047716,49.808297238097126,-2.95541672323385,12.02283169756555
Avenula,1,,,,45.66487236164241,-2.180831421233098,3.396482375405474
Axyris,1,,,,50.271462997838185,1.8437846301380678,16.392956620464727
Azolla,1,,,,40.545108821422886,-0.12383622739478573,15.075936768407471
Badhamia,1,,,,56.74751834405458,0.27170190120384685,15.638200496757726
Baeomyces,1,,,,35.62784338525106,0.36448928266999414,10.581407448126557
Ballota,1,,,,49.48927925306316,-2.1673379110657143,13.390246954645669
Bankera,2,6.085729445079055,0.0,,54.307298066328585,0.3599157914111889,17.618778342190943
Barbarea,3,19.441210678917805,5.674975972013111,,55.29509596609229,-1.7239467773964012,9.347239246150508
Barbula,1,,,,47.5625236149313,-1.678247149158263,11.820876860720409
Bartramia,1,,,,47.45556560108053,-0.16503653691284093,16.107230457384137
Bassia,1,,,,51.83438684344071,-0.7193129235081308,16.99934922542681
Bellis,1,,,,45.333425136252224,-3.912934564538811,13.325333475676281
Berberis,1,,,,44.159281902461274,-2.730909401967796,14.098823431939566
Berteroa,1,,,,40.585444348188844,0.07324519676404906,12.84598267583279
Berula,1,,,,51.507165480212535,-4.533922793001299,20.255851878949816
Beta,2,9.840233633021594,0.0,,51.17448385930828,-0.668056285915819,17.054636062230895
Betula,1,,,,44.78495288379583,-0.689732574645413,13.26321753363262
Bidens,4,11.960710707367289,3.9757262021878175,13.09758539018202,46.28737859143398,-1.77582685943313,11.601714415753717
Bifora,1,,,,70.06605379453649,-1.6323895428735913,15.653084297074237
Bjerkandera,1,,,,51.737195935102065,-7.336273881351662,20.50233187928062
Blackstonia,2,10.900493621265216,0.0,,46.347033159085385,-4.3925467283530555,10.973275684416429
Blysmus,1,,,,40.02575258279117,-0.8066029718643564,12.553081083481544
Bolboschoenus,1,,,,50.3732027621226,-3.9307089357874525,16.364372545897197
Boletaceae,1,,,,35.39810332623628,0.23252296140700845,10.741114522575511
Boletopsis,1,,,,56.67338807449762,0.6300843058962835,19.615528364392954
Boletus,1,,,,47.72457471169084,-6.852812822815302,12.530303158424537
Boltonia,1,,,,52.408311544741835,0.4713040439528471,14.153366666481503
Borago,1,,,,35.13424526808485,0.853067242685912,9.912422535562538
Botrychium,1,,,,36.98703238509355,0.06285832795843715,10.667589640693453
Bovista,2,7.7837353953656745,0.0,,56.95817331283487,-6.192900957984387,17.87873424901426
Brachypodium,2,5.0046110337986125,0.0,,44.44271596628569,-1.9664800310063568,12.15099528586956
Brachythecium,2,3.591076007109397,0.0,,48.659115671632684,-3.960563705799669,11.582252614954214
Brassica,3,12.096678425494522,6.512231177692798,,48.834201452746,-4.314128072997969,17.70520436863452
Brefeldia,1,,,,60.63789192781519,0.20713386549936486,18.336452823052053
Briza,2,7.402531144715333,0.0,,50.124924208220904,-4.596912030136124,15.390632407145755
Bromopsis,1,,,,59.55783506220237,-3.7219394765060088,17.19991430618313
Bromus,11,10.430509036157714,4.4707274929166925,481.5562063126498,49.82847896348201,-1.3017831124987471,14.664799955710128
Bryonia,1,,,,48.45442636096544,-1.6385433528897098,14.287750694559643
Bryum,23,12.33985658447922,7.032774946753124,837.0964562892252,49.2624329844178,-2.0650149896508374,8.902234718953672
Bulgaria,1,,,,46.50813348033453,-6.7614481000496385,10.786387934109475
Bunias,1,,,,48.28800686713667,-4.56895435188448,8.621356804170798
Bunium,1,,,,36.22546889467221,-0.6098495545737159,11.45353331122011
Bupleurum,3,3.2862831838465,0.4886118528604169,,47.87025665531626,0.2780206154995857,15.412573892943104
Butomus,1,,,,41.81893739335704,-0.3448687914746479,13.85179525909156
Butyriboletus,1,,,,54.54304656845997,1.380940403828801,20.69686595448681
Buxbaumia,1,,,,47.694447049923106,-0.795229054687624,13.253766067434702
Byssomerulius,1,,,,47.952846375651994,0.387493074824774,9.453306195671708
Cakile,1,,,,49.86552946316175,-4.295044537203141,14.465520525236752
Calamagrostis,7,6.778817024000094,3.461454616634687,41.749256542310135,46.178587534163015,-0.6669921011447644,10.00717904860916
Calendula,1,,,,51.95850407193247,-4.108702469361014,18.59063123618312
Calepina,1,,,,49.29171512421166,-2.909960113332055,10.160065926538199
Calicium,1,,,,43.762337689497315,-0.7034514253014268,13.583787051833562
Calla,1,,,,51.62113303708803,-3.46686210419056,14.646447263573915
Calliergon,2,6.554431653248958,0.0,,38.836079046393365,-1.3680784885296005,6.9870607766136565
Calliergonella,2,5.1941599405733365,0.0,,44.88416553443544,-1.63860134265717,8.818658809932883
Callitriche,4,16.65313607856099,4.839247186954459,161.31292474054263,48.12149266613873,-2.0914800504003157,12.209094833152772
Calluna,1,,,,41.351289489438656,-0.3423780892449768,15.649600986068323
Calocybe,3,18.770257078971763,6.11385435077604,,56.29695043997344,0.8068450089289692,17.765084325850957
Caltha,1,,,,58.18169444590484,-2.708903975368715,14.480189582158998
Calvatia,3,6.754942214682476,0.7401107646080737,,45.09414092376034,-6.012609163043525,11.18933929972793
Calyptella,2,6.647964117790834,0.0,,57.67339836370741,-1.4762722341680745,23.977609457595356
Camelina,2,1.985444372017578,0.0,,47.75559253274092,-4.469561578258674,14.100968670366527
Campanula,8,10.850776200311882,6.284378360774536,147.18090835324762,51.76874703651819,-2.9609799708114615,12.725765660216103
Campylium,1,,,,50.31242252846988,-4.154558558337074,18.01461538036442
Cantharellula,1,,,,46.09469574841289,-1.1537443896343924,13.303675325787456
Cantharellus,2,5.583464090527186,0.0,,52.836619546261325,0.4172654059641234,18.712621148858624
Capsella,1,,,,52.528747400244214,-1.1451920742731603,15.993589724411095
Cardamine,5,9.572039529356424,3.173010191094468,7.3462073242260155,52.30548251651608,-3.0576237476195867,10.62149616230501
Carduus,2,17.73038897618876,0.0,,49.450937522258855,-1.9144412289250763,12.028850686094605
Carex,58,10.995839650430922,6.215701363801483,1988.580710512511,44.95974528341085,-1.5115438234373502,11.771115974271785
Carlina,1,,,,59.14687004971094,-1.0590591028087348,15.08770252818481
Carpinus,1,,,,50.89556473759892,0.2748408985356887,10.18475390802276
Carum,1,,,,62.5566345993377,-2.477096056596906,17.859458136959148
Castanea,1,,,,45.08211294711082,-2.151600337215842,13.62818027124425
Catabrosa,1,,,,39.85160664759057,-0.5564242070370123,11.67405828611322
Caucalis,1,,,,61.27988075094686,-0.3986155714235107,13.36959287234909
Cenchrus,1,,,,62.42831920411432,-3.599359804405955,13.715192145655308
Centaurea,9,8.930194570116658,4.040489849176218,171.4086771218178,45.648435142843276,-0.416311614779577,13.095355522314534
Centaureum,1,,,,40.6029383475113,-0.1301050315466179,10.905980148570283
Centaurium,2,1.9804384981082332,0.0,,45.50814973878293,-2.658900818258175,16.265857435319347
Centunculus,1,,,,50.87807945971717,-7.215414528555398,15.251575744100453
Cephalanthera,2,10.126412229070782,0.0,,58.35650361797479,-1.0645937554920741,20.006004191431835
Cephaloziella,1,,,,40.59162571523577,0.0022167462318256614,14.76485275720636
Cerastium,4,10.519982172078489,5.293394327325861,6.445945129690385,51.1088167292349,-1.9688410424986147,15.564349854255955
Ceratiomyxa,1,,,,37.718870182355296,-0.716930585640263,13.597473029817708
Ceratocapnos,1,,,,52.40971571079005,-2.120292127213652,12.279874589100093
Ceratodon,1,,,,40.09216732887121,0.5142441303581657,8.3623071105698
Ceratophyllum,1,,,,40.26138481184245,-6.571719858527725,10.243075714967521
Cerinthe,1,,,,63.84355699310892,-4.082682028217544,19.9388436028217
Cerrena,1,,,,38.44843590422226,1.0043587074369253,13.386980269406191
Cetraria,3,12.472688091878538,4.819374826834729,,56.74768583844924,-3.331944632767314,15.468909555892996
Chaenorhinum,1,,,,40.11826641609365,0.2048218192036988,10.2024125024627
Chaerophyllum,2,14.234222635746345,0.0,,55.90079972148873,-0.4076321039603452,19.1494076935264
Chaetomorpha,1,,,,43.937660922054604,-1.8737432623380235,14.404881846723116
Chamaenerion,2,8.778645017149033,0.0,,45.45700720132484,0.24978114134834029,12.770001233287209
Chara,1,,,,42.426196784788814,-2.0026558510476136,22.981064136789154
Chelidonium,1,,,,55.40888075807497,-4.3797275656415895,17.687392612776875
Chenopodium,10,13.903851537172836,8.103728229500929,772.9225990444936,48.630528284373746,-3.1585779810411885,12.00337260561135
Chlorophyllum,1,,,,68.62723812074267,-6.82085220870432,10.016424600147445
Chondrilla,1,,,,38.14125614228585,0.11141252632773657,10.451718055712
Chondrostereum,1,,,,42.49268569693653,2.461051661235225,15.483330126455307
Chondrus,1,,,,39.65180584379163,-1.6842660104676166,9.481467160967282
Chordaria,1,,,,47.128086243464764,-0.3194809531696374,9.997161718013036
Chorispora,1,,,,54.69285574039128,-6.994354421779425,11.411847580127542
Chroogomphus,1,,,,46.20164325739176,-2.3402308692263563,11.039618283654251
Chrysosplenium,2,10.441279570259711,0.0,,47.46286398053777,-0.3554489017407736,12.284355173709223
Cicendia,1,,,,60.166573739996494,-4.43642809689443,15.934671735135563
Cichorium,2,10.897274912779197,0.0,,45.34317118814809,-1.896801771240117,13.617884395720836
Cicuta,1,,,,43.690250766827724,-0.9745026505942889,12.8724749746289
Cinclidium,1,,,,49.02895951428559,0.35486859815617167,9.85388753112051
Circaea,1,,,,44.384046923337785,-3.580739274576361,13.79846101301344
Cirsium,8,8.579814268595468,3.1799042529020944,91.7563972935898,48.05483004919502,-1.4176225020531563,12.932667049464836
Cladium,1,,,,53.72234011378393,-0.20327185312002394,15.419104384398597
Cladonia,2,11.746799765291488,0.0,,47.46467317833567,-3.7968544730029374,8.552878645850326
Cladophora,1,,,,46.64072145403076,-0.07858796068899165,7.53374580001227
Clavaria,2,3.41858412108977,0.0,,38.159517898479706,-0.5721982348727284,10.167470882512696
Clavariadelphus,1,,,,57.05755547697076,2.8850036312809135,21.99378782849275
Claviceps,2,1.2095967884116168,0.0,,38.214289602935125,-0.24303083262204594,12.745310790898241
Clavulina,4,6.619652095626123,3.3352076302545757,1.8759999901469755,45.61112220947312,-0.29268311868521635,16.154118677756195
Clavulinopsis,4,7.675780294510645,1.9824007739894929,32.46410986628933,43.32472897398716,0.06539351572026897,12.227295877539024
Claytonia,1,,,,55.67081714294244,-0.606182747771189,12.966219106858956
Clematis,2,8.669484539468632,0.0,,45.47213347660213,-1.5300850059417614,15.105369332618608
Clethra,1,,,,43.074982002332476,-1.9840002261593548,13.1768581409884
Climacium,1,,,,58.09604684923016,-3.6653446546348056,16.144048376944873
Clinopodium,3,11.369857073614035,1.633040860020547,,39.956148895288536,-0.1301050315466179,15.948411238865312
Clitocybe,11,10.781145675433685,4.260912163279606,604.4958034238066,54.216978202857945,-1.1184186843883337,15.216202149415924
Clitopilus,1,,,,46.73347129970579,0.6971552338062292,18.469155903742383
Cochlearia,4,10.08204017193065,3.073310082286236,20.899058371906285,53.55614288009932,-1.543776756457206,15.294151371756348
Coincya,1,,,,46.256646680354365,-2.8257090007425822,16.911348799025248
Colchicum,1,,,,41.670145109114934,-0.813101174309161,9.048766091354764
Coleosporium,1,,,,41.04945387344941,-5.137463562122635,13.082592106992196
Collybia,1,,,,46.15746122274795,0.06165830483437218,18.282817899731263
Coltricia,1,,,,47.36053052184973,-4.2498333355207585,8.492213604515664
Colutea,1,,,,40.228486098898244,-2.429078452832467,9.627016192987703
Comarum,1,,,,64.36863313806055,-3.9117018865309494,20.195201877635615
Conium,1,,,,42.47681175834905,-1.142270196984485,15.36277010373972
Conringia,1,,,,48.90111806596023,-2.6145281548888843,9.009121724477264
Consolida,1,,,,52.07587321772354,-0.206116934548084,4.223161285871124
Convallaria,1,,,,40.293967354667544,-3.3674257901596674,11.605670948639734
Convolvulus,4,8.73734784691763,3.9248929228171106,12.115380588608355,49.10098318505857,-3.5047969899126006,14.176665054734165
Conyza,1,,,,44.41032279560058,-2.5816095873083533,15.627375726024685
Coprinellus,3,18.35249197918513,6.812224963484136,,44.21651235422415,0.22584905554998147,11.230398992665858
Coprinopsis,2,16.53776845408988,0.0,,38.519429439382925,0.5995125481239177,8.61815039066674
Coprinus,2,3.2707006659416797,0.0,,50.90524559716898,-0.3133082220933281,13.780399738689942
Corallorhiza,1,,,,52.626237946739394,-6.770448220068892,20.030745883802236
Cordyceps,1,,,,35.87545258904272,0.24038388543753952,9.712812360601774
Coriandrum,1,,,,47.19988634996079,-0.19350428616601856,13.130185839054354
Coriolopsis,1,,,,49.78154560578017,-2.5664843180895627,13.67556545583659
Corispermum,2,4.597362061327327,0.0,,39.52096654615801,-0.696565885625236,11.51164609770035
Cornus,3,12.756747980510033,4.536414050249876,,50.59217118211504,-2.890507830830502,15.534118690910281
Coronilla,1,,,,53.49419189589689,2.0945774258971928,18.425493143396523
Corrigiola,1,,,,51.95155431904098,-3.7283892712457467,16.268832757034502
Cortinarius,19,9.250294116165264,4.573143824118386,362.6687343835878,48.51677078625703,-0.5829869897313877,13.694841578571193
Corydalis,2,3.922252790673469,0.0,,43.608820145344154,-1.4344325168477445,10.592412968016497
Corylus,1,,,,49.697424516452855,-3.343898314313698,11.859846631957094
Corynephorus,2,4.085018519277721,0.0,,44.30438126513684,-2.2281488937915124,13.12393481503656
Cota,1,,,,46.75236962940471,-0.13850885755475884,14.859846789324948
Cotula,1,,,,43.00353369462349,-6.2678179265789336,14.173172679896705
Crassula,1,,,,49.840035600242004,-5.969710084643087,15.3361030249201
Crataegus,2,10.966824886498838,0.0,,59.452621466326725,-4.755254245111168,16.020379133717654
Craterellus,1,,,,56.84107970602267,-0.6893742481108439,22.698369973587006
Crepidotus,2,19.652040579991333,0.0,,50.97909199568595,0.4166901681193977,13.598088301208588
Crepis,9,14.258438582685946,8.633561118035331,572.7240858030686,46.17943576511402,-0.3788321768074254,14.681709624922634
Crithmum,1,,,,50.178915546983674,-4.4560091899640835,11.972649881423902
Crocus,1,,,,58.38168126010402,-0.5803902183829646,10.560349991473416
Cronartium,1,,,,48.31838719937821,2.9250558647756497,13.028908548080286
Crucianella,1,,,,42.74046429348642,0.0006701739976022747,14.007870909332375
Cruciata,1,,,,42.51176033897349,-1.1391857666539495,17.21166507402725
Crupina,1,,,,68.84600472423065,-5.50255820542489,16.552391332137372
Cryphaea,1,,,,49.50174609140514,-3.100173843505,9.241177191197657
Cuscuta,4,5.688990158376549,1.2788869586471174,12.135726179792709,42.09098357705002,0.13201527476496,12.863896766290189
Cyathus,2,10.784009721379716,0.0,,47.034689523828675,-2.0117907253983933,10.820848867578215
Cymbalaria,1,,,,39.081058539421946,-1.364442268654148,12.98613989250168
Cynodon,1,,,,45.25219562044285,-4.988016696713505,10.811519555966198
Cynoglossum,1,,,,46.20164325739176,-2.1103747597632783,11.039618283654251
Cynosurus,2,2.167744142858645,0.0,,47.469334129646874,-4.40499020404922,13.976893341146745
Cyperus,3,10.797936069988069,6.152504410901219,,50.46788922555022,-0.306097948298667,12.375360789944523
Cystoderma,2,13.009847313424402,0.0,,52.67206198740543,-2.5676689301800115,15.701652657017696
Cystopteris,1,,,,47.61172096145599,0.43260673788830806,11.475510038277847
Cytisus,1,,,,53.41391318287204,-2.241156889166845,16.05760438791588
Dactylis,1,,,,50.966387139118595,-2.914993059040971,15.842925447693744
Dactylorhiza,4,14.256105206271515,5.8550452421226975,3.9251859377589944,50.34306613732689,-1.3275104336816639,15.249013495343277
Daedalea,1,,,,47.00826039404967,-4.567017249548777,13.930709277998766
Daedaleopsis,1,,,,41.91318305600631,0.5618040840443816,11.61722722852614
Danthonia,2,17.649392737483467,0.0,,54.61327689894977,-0.537765925336775,11.815952218079111
Daphne,1,,,,52.96343258768886,0.07978221981261302,7.750297523583793
Datura,1,,,,51.90053009752498,-4.650658295604848,20.149211523906985
Daucus,1,,,,54.692364146470084,-3.7366230385169064,14.757136000214555
Deschampsia,3,9.188521511814939,4.459729741222116,,49.29445510730308,-0.1743836434709295,16.189666655442213
Descurainia,1,,,,51.40316425792513,-2.6430906619259176,14.938739879048457
Dianthus,4,12.70161840031998,4.675644330659032,65.1855748509183,49.21291154632229,-2.254783249633907,12.294175755311093
Dichoropetalum,2,16.626561457701026,0.0,,61.931522104516134,-2.607846011355414,11.566984304001727
Dicranella,1,,,,45.73307673239778,-2.585410612152006,10.358115317163975
Dicranoweisia,1,,,,49.37072354632711,-2.0860364729243797,4.299104147454713
Dicranum,2,12.897927800480494,0.0,,63.31058867851636,-1.7970849548423762,9.598515510070893
Diervilla,1,,,,44.38529894842663,-0.5184014477504773,10.27877322389459
Digitalis,2,9.348710915239856,0.0,,54.68575375632092,-6.336234337044749,11.510094389770163
Digitaria,2,21.942383079140562,0.0,,49.21318196034747,-0.8544441036149042,14.678792378704593
Diphasiastrum,1,,,,50.4150210285478,-3.6240801857586047,15.262714654835252
Diplomitoporus,1,,,,71.10462476419531,0.26317256893576557,24.163309381372056
Diplotaxis,2,3.839658640863392,0.0,,43.3618057817912,-0.6423860101840012,13.330893772436403
Dipsacus,3,5.633099034271971,0.9402732523011392,,48.28967425434962,-3.6703464325394397,14.877355788166714
Discina,1,,,,53.44451706046557,-6.277362067540427,16.589464622189286
Disciotis,1,,,,58.58037401708599,-5.164937288703375,11.892369855283057
Dolichospermum,1,,,,48.49001824827336,-2.499014380990372,7.194753531153064
Doronicum,2,23.704735971821115,0.0,,57.5006394103514,-4.595868360059555,17.718764299322586
Draba,1,,,,47.51245899155985,-0.15583585354943252,13.412089847037322
Dracocephalum,1,,,,52.804706038703515,-0.9397244900293256,14.052397484545365
Drosera,3,12.018043432356365,4.285202567539616,,43.9313704026105,-0.689732574645413,14.44222718237521
Dryopteris,5,11.207882064074415,5.13915395396003,67.34239763953296,47.7912059287558,-4.429094349789775,13.819746331462735
Dumontinia,1,,,,48.96844030117322,4.148947340016446,23.42845743256483
Dysphania,2,14.035174658873846,0.0,,49.921673295082684,-9.172881782402136,16.149053271896914
Echinochloa,1,,,,43.32988626425108,-3.9296301756533425,15.269770031204832
Echium,1,,,,54.38237237947432,-1.8962536457197143,18.595542503180205
Elaphocordyceps,2,20.69773564471877,0.0,,54.267806909318665,-0.05988695171896263,18.175049348545855
Elatine,1,,,,50.12764094339316,0.3541806440023332,7.249263673757866
Eleocharis,6,9.113351654156462,3.2257111281118194,139.73807455974497,47.28088191265125,0.3035572367273559,14.057987006708135
Eleogiton,1,,,,61.1007204296952,-4.370835333441903,19.46948741201866
Elodea,1,,,,45.75941031986998,-3.652444069828731,14.760005870833348
Elsholtzia,1,,,,47.257837030390625,-0.1301050315466179,14.449825505454783
Elymus,5,6.534772614943778,2.1195306041548303,35.71015019839659,47.29881695693511,-5.464039715454727,15.46108627520696
Empetrum,1,,,,41.553590498084816,1.7901228711986739,15.957168065364947
Encalypta,1,,,,47.48829107623272,-1.524006931898525,7.34787564501973
Entoloma,5,8.40691683881323,2.9826235306681315,62.87898464032422,48.09901173901545,-0.6529996140687278,13.24050269545367
Epilobium,6,8.428360105834127,4.810526602189479,21.97119924945963,52.69800494792412,-2.963986333100327,15.373683835635509
Epipactis,3,4.559954336614977,1.9547517771204472,,40.31785540767613,-0.7084243435802329,8.77000121410103
Equisetum,7,11.6081076945686,7.317466998496537,85.0812757166382,43.8178212222503,-0.5218326977877996,14.323138064746122
Eragrostis,2,7.958397560969101,0.0,,43.92402447734908,-5.482906682078542,10.995002175809448
Eranthis,1,,,,44.52199938498024,-3.0420105058514557,15.202604980603073
Erica,3,5.464496279338925,2.0475177181768527,,41.93756841094889,-0.3277589838970446,13.428770287351622
Erigeron,3,7.664984576995727,2.842527648727711,,48.85428101285768,-3.3373207992729026,16.17897699634415
Eriophorum,5,10.675823791239285,4.442481381781642,101.42870119516975,42.261255464601575,-0.3754995618824031,13.955261222665104
Erodium,3,9.548886377914357,0.5809257473686716,,50.670060834536315,-2.0065874347115487,17.371541374889986
Erophila,1,,,,45.21912504868608,-2.9532249113582987,15.575886529858318
Erucastrum,1,,,,50.270142119701504,-0.7595873794341429,13.41697409960949
Eryngium,2,6.566126793426475,0.0,,48.28258860236889,-2.4173428197840074,15.40008872341922
Erysimum,5,13.295198899363436,4.580954297437186,217.71384296636163,56.57223913806658,-1.1050501992029838,13.989111273251154
Euonymus,1,,,,49.18688294821513,-1.948173745606241,15.90548786650242
Eupatorium,1,,,,51.11814087822438,-3.97347538931464,15.083724689491639
Euphorbia,12,10.36649858041287,5.336601787041875,229.67357800158746,48.12199346928528,-2.2473003203766218,14.73934720801045
Euphrasia,1,,,,55.67955369270422,-1.2105882369677912,15.40836036251141
Eurhynchium,1,,,,46.15981837630139,-1.9611626463048037,4.504398752290517
Eurybia,1,,,,56.03108300300775,-3.6293620011418337,15.48962785555059
Exidia,3,8.160388770624722,1.9373407877045392,,56.714846599551976,0.47738971149141607,15.727946721407859
Fagopyrum,3,5.218421356051853,1.605445611381845,,51.06511066839033,-2.3406211561342594,15.960038457635918
Fagus,1,,,,45.29298639178938,2.5789664856750716,14.087341029686373
Falcaria,1,,,,50.24888285777291,-0.5119883635059108,13.500287610873274
Fallopia,2,4.8439027848359695,0.0,,54.50254829417917,-4.391499844876745,15.76038498448009
Festuca,7,7.0558197214309795,2.525436047045364,83.70557087450855,52.25778767770751,-2.5635302606519805,15.813666591057473
Ficaria,1,,,,42.72427027104077,-1.766951163353292,16.347220060594015
Filago,2,2.912230641787832,0.0,,46.57048960416873,-0.6113065258635462,15.205562334769045
Filipendula,1,,,,45.12291611911989,-0.8313344848872167,5.884943601674408
Fissidens,3,14.350811692308616,4.539469737883365,,43.77609038703716,-1.3571740605712312,11.607675781636328
Fistulina,1,,,,41.963096235585745,-1.1615614256309248,8.442843621493811
Flammula,1,,,,51.938938566554114,-3.0463659203663895,16.577351703414898
Flammulina,2,21.77605790194362,0.0,,43.41019681762281,-1.0675992004780255,12.966334636926469
Flavoparmelia,1,,,,59.36454676487993,-4.562210726650806,19.234183904809086
Fomitopsis,1,,,,50.36917773350733,-3.0611264069164146,7.5586429743838
Fontinalis,1,,,,46.40406890788127,-3.3336708091091793,9.012088416340248
Fragaria,2,27.055809059911947,0.0,,51.9700358982089,-3.0065178505181978,12.594924045758898
Fraxinus,2,19.91880353429563,0.0,,55.30349531253664,-2.999470556232578,16.019775614000245
Fritillaria,1,,,,46.72691324675567,-0.1410730034187846,5.003915482093834
Fucus,3,8.294368866864032,1.6315634339697618,,45.04364887337027,0.09055122906825863,10.016721581945454
Fuligo,1,,,,60.445391187873284,-2.3583087532216274,16.700239054446353
Fumaria,2,7.458720329328747,0.0,,49.843896046143506,-1.6920145721196076,15.210830183653018
Funaria,1,,,,54.00381349764781,-5.237447502638104,14.520326751425205
Gagea,3,10.875950621978921,3.6639515808370886,,43.461000605549685,-3.8440899653706673,14.27417761096409
Galanthus,1,,,,44.45243059757894,-3.314039573254046,14.500246311204945
Galeopsis,5,10.215770352960137,4.168432040629592,61.71547348980223,50.34705597679327,-2.4616310866925617,14.066988183119179
Galerina,1,,,,54.17761148590304,0.4743021617227283,13.760963641274436
Galinsoga,1,,,,43.76921590186128,-0.19350428616601856,6.412662802115432
Galium,12,9.347001648909554,5.002782729232934,296.0370546976167,47.743329731158994,-1.1727613233117884,14.973475154688943
Ganoderma,1,,,,56.00185994804744,-3.819155824677789,5.271245701708738
Gastridium,1,,,,60.60853513148983,-3.2108878332741675,17.042895441369478
Gastrum,1,,,,45.916402273134246,-2.1946136536898364,15.406638796451755
Gautieria,1,,,,48.526163895829214,-4.709711113687454,11.359237759113183
Geastrum,12,10.986221084241611,5.373087046212486,458.96594140038985,47.75034218411575,-1.3068311133270782,10.376462639666823
Genista,5,11.670006469629467,4.3055665845707125,81.35853927195608,53.52218855291798,-4.1375760759215225,13.934282082038196
Gentiana,2,13.03719233209712,0.0,,52.108759681721736,-1.6159043363571797,9.757658068570517
Gentianella,3,9.819611265752156,1.1673997767607187,,50.094096374558404,-2.62468051293957,14.289103109080049
Gentianopsis,1,,,,50.05651626909213,3.4464391963324736,12.9093763783856
Geoglossum,1,,,,35.774986265600404,0.9870976652694985,9.557764509064226
Geopora,1,,,,48.41161611846691,-0.3423780892449768,19.696386641655383
Geranium,10,8.795391519534943,4.1883779549541424,293.91589168763477,48.8540830527609,-2.8753044644861947,13.156104210903985
Geum,3,10.893154869643451,2.848062161547435,,56.44553848134926,-3.1541698063949353,17.400238209784625
Glaucium,2,22.27943635056792,0.0,,46.205011079086155,-5.619225922797483,12.475130110719629
Glaux,1,,,,51.27960804789902,-4.014114629175336,18.231532231189775
Glebionis,1,,,,58.148040191911846,-5.876010546516708,18.586690279104268
Glechoma,1,,,,40.75561151631383,-1.2196177611317194,12.315258685054564
Gloeophyllum,1,,,,38.89993211309743,-0.3318008719901955,9.681866091789393
Gloeoporus,1,,,,57.62779232816773,-7.187236567569089,19.79590735408805
Glyceria,3,7.43920843019512,2.8015752700257854,,48.60401238770082,-2.5800010855404065,13.294055776793623
Gnaphalium,3,7.604169684153713,2.9851264745500297,,50.022887323703344,-1.6514835425794905,14.264795490476345
Gomphidius,3,11.046762367650024,2.8817227468255244,,52.46410088874774,-3.631641204325242,12.26825610419544
Goodyera,1,,,,56.32763164222875,0.05413701283196737,10.106717944535525
Gratiola,1,,,,53.22532896409565,-2.012870866510641,20.987503893321957
Griffithsia,1,,,,40.24820739672836,-0.29912760210959455,12.283460360991738
Grifola,2,5.035377686153973,0.0,,45.169044050793055,-2.1016361070931575,7.790628238732856
Grimmia,1,,,,46.87640979022753,-1.0412073925702425,13.87629922755924
Groenlandia,1,,,,40.01752597279522,-0.15937120664361037,13.197483758075224
Gymnadenia,1,,,,38.54674959688594,-0.4036127562886682,12.399793907514468
Gymnocarpium,2,10.077094662364638,0.0,,47.522517073485595,-1.6905611870335902,11.847847207025186
Gymnopilus,3,9.228088177024949,1.7935230036683791,,49.4054027140767,0.2483114729955882,13.234077590667216
Gymnopus,4,6.436756089879169,3.5204601955901818,6.867280007946779,45.93550935476481,0.6266456890476404,10.629048162291927
Gymnosporangium,4,13.2937726106635,7.27335412017658,25.421002495388603,47.617321899610786,-1.0610056432247827,9.77135229495354
Gypsophila,2,15.19710363126062,0.0,,56.18853785879097,-5.385177916452156,17.868120649450287
Gyromitra,2,8.998258055697235,0.0,,55.79930957448345,-3.1936204907403454,19.559545280148438
Gyroporus,2,8.078870582804365,0.0,,49.350544679833305,-2.5692288748826453,11.704864729288866
Halidrys,1,,,,45.08233399890446,-0.46260738091580267,16.05729152740055
Hammarbya,1,,,,45.26923042217941,-4.562933241783251,12.630520147505642
Hebeloma,2,9.48028324569596,0.0,,52.49641004016221,0.8930767280151269,14.334659291779305
Hedera,1,,,,56.339683469547055,-6.574291064683491,13.213248974340463
Helianthemum,1,,,,45.43081225406378,0.9734853811295685,10.058260155484932
Helichrysum,1,,,,46.00456305992755,-0.16503653691284093,15.126269203814191
Helictochloa,2,11.810087497846133,0.0,,47.127521336285405,0.8041456048634293,13.471149747366312
Helleborus,1,,,,51.38267383095065,-10.330841733260376,15.304285811734886
Helminthotheca,1,,,,46.70647254087293,-0.5302198836233535,13.053593128700546
Helosciadium,1,,,,51.75169531034172,-3.8484297932380174,5.622991801849575
Helvella,4,10.195851076580977,3.4912780081778343,11.892742001921489,47.08156951456225,-1.4076144503953614,9.905102434972196
Hemerocallis,1,,,,52.039608323055376,-5.797345864481107,13.414381719164359
Hemimycena,1,,,,51.44761694430302,-4.2865068815955425,14.379879828282327
Hemipholiota,1,,,,46.498601647379466,-1.923798398485277,9.067557615216836
Heracleum,1,,,,67.39242680369152,-4.933546216502882,13.914730916191909
Herminium,1,,,,44.62477890013602,-0.5906029839928273,14.811047729177584
Herniaria,2,10.908311423380818,0.0,,54.217508754980535,-4.829968997694973,14.314180671929549
Hesperis,2,5.842288247987887,0.0,,44.25209506414147,-4.443440578879743,16.28846883343664
Hieracium,9,15.918023046755748,8.144125658903352,505.1836037400313,48.23585834521754,-2.965213088725327,12.659413270244135
Hierochloe,1,,,,45.394971073267655,-2.554831708688976,13.465928453831289
Hippophae,1,,,,42.62259020414968,-3.3103591815044076,12.48221404788673
Hippuris,1,,,,48.52481620117244,-1.2184252440837762,14.984400316524194
Holcus,2,13.170232198272013,0.0,,54.1375290447236,-1.974448115183637,16.375252463957164
Holosteum,1,,,,34.815656401995895,-0.5564242070370123,12.552441038994356
Homalia,1,,,,56.34560015424212,-3.6276995188838645,8.760828243547703
Homalothecium,2,7.627034193728098,0.0,,46.260758702934965,-0.7559919890088029,10.694820274281541
Honckenya,1,,,,40.3436361488456,-0.8660157367763599,12.33809619663625
Hordeum,3,4.205583217344189,1.072239545754724,,42.540708513451044,-0.687976225586362,15.584657230399813
Hottonia,1,,,,48.80650344921095,-3.2771181650903536,11.201707165817476
Humaria,1,,,,63.804631877164425,-6.014623366150107,19.970551557463633
Humulus,2,4.994551837215647,0.0,,48.27478043043155,-4.111181974977285,15.318366663296134
Huperzia,1,,,,41.43642500372352,-0.416311614779577,13.3594688814893
Hyacinthoides,1,,,,41.905445296877915,-2.297954510082495,7.82343477355143
Hydnellum,7,8.654556060136816,3.0465229947796355,168.9726777697708,55.09277900072151,-3.4289028765687735,18.273414543482147
Hydnum,1,,,,43.75115065600637,-2.5096918194474904,11.718025928225828
Hydrocharis,1,,,,48.83132961590772,-1.6420684873173497,14.820494234658256
Hydrocotyle,1,,,,45.06410275738001,-1.7825991471553393,19.52263985009167
Hygrcybe,1,,,,46.303190219149464,3.626181516282301,15.425643568782954
Hygrocybe,10,9.645359349413814,5.9024085332810365,425.60228303418705,50.4499544212364,-2.018261372368546,16.961901041098812
Hygrophoropsis,3,9.093892463224572,3.0134433340729796,,47.51245899155985,-0.6385609848206797,12.48327039415198
Hygrophorus,7,12.62031605797764,5.30107377462064,415.398582798808,54.50507998302015,-6.455897628743934,18.73846938594459
Hylocomium,1,,,,45.30883728746721,1.2558929759174386,10.47069749223325
Hymenochaete,1,,,,40.88824582589609,-0.39744631328364477,14.117793900545351
Hyoscyamus,1,,,,48.53626745081844,-4.413392386767024,9.007226339346918
Hypericum,8,8.745604619605832,4.6129338094727,133.14539666866833,48.017620331889006,-1.5266128187030188,13.967051325674834
Hypholoma,3,17.052472077842936,7.797544431782015,,44.530181002086515,-0.6882636797088948,13.934919256809298
Hypnum,1,,,,45.52730421601884,-1.1634184619659926,5.875121545749407
Hypochaeris,2,12.085312532125617,0.0,,49.71459175328708,-4.168477714474567,17.678762946977486
Hypogymnia,1,,,,42.37382665109337,-0.5564242070370123,16.51697983275815
Hypomyces,1,,,,47.015893510795856,0.8051170565196442,16.213962725304732
Hypsizygus,1,,,,61.93226716118686,-8.211267530391863,19.298716910253354
Hyssopus,1,,,,50.98733816409553,-2.3318478129277787,15.511042203726166
Hysterangium,1,,,,55.646618372223756,1.0004551013710061,18.993201675469006
Iberis,2,2.035005864798603,0.0,,41.94987489737016,-0.49901192492966123,7.921091187940921
Ilex,1,,,,41.87403263450327,-5.510360473595821,9.557123057612971
Illecebrum,1,,,,39.79217056684243,-0.49860017110103794,13.368193431917142
Imleria,2,22.768989315271575,0.0,,60.41812687252193,-0.507700380527526,13.5682888968232
Impatiens,2,8.405126023910775,0.0,,52.06454111977708,-4.497149685633445,14.718122850774767
Inocybe,5,8.895719204413743,3.923828787636055,23.319537417067224,45.824720084360976,-1.3935664111116575,14.850327460705358
Inonotus,2,2.4213294364549562,0.0,,55.85045652647309,0.15288424006487666,18.96409155942603
Inula,3,13.390103206044737,4.998517905565997,,43.8359115558322,-1.8360027401116974,11.191148905636105
Iris,1,,,,59.924134138900556,-3.3858558339280584,14.37157268571001
Isoetes,4,8.547600658516062,2.664371635648794,39.78236954302225,47.74445933648948,-0.5512076723602419,13.488174474291416
Isolepis,1,,,,44.57316411231837,1.055889072830607,13.582247960773564
Isothecium,1,,,,47.27943361412574,-0.8701298423897386,10.215103756729704
Iva,1,,,,53.723245844426714,-3.138454771725807,18.211432828884845
Jacobaea,7,8.76561044093966,4.146560770628094,103.78023562192209,46.98434858046011,-3.2124761011831926,12.432180225513068
Jasione,1,,,,46.37751403107661,-5.37778555598134,10.628166759162427
Juglans,2,6.055964161352156,0.0,,54.40378041233101,-1.4776640783909014,16.382345993890457
Juncus,20,11.789832247707,5.846336193867462,724.3292890276476,47.67926687708945,-0.5834551409901051,12.622168107608989
Juniperus,1,,,,40.19087241882544,0.021764653393097078,8.473471111732112
Kickxia,2,3.574176681336178,0.0,,59.80846665067306,-5.129805890423111,14.233364844181317
Kindbergia,1,,,,42.079456283378576,-0.12047683462138026,12.43539384982445
Knautia,1,,,,52.87909907549816,-2.8940923118877526,20.804457293123413
Koeleria,1,,,,42.41155882603355,0.3528215778666466,9.26000309912075
Kretzschmaria,1,,,,51.25267871629963,-1.3495472379501106,13.584981413075692
Laccaria,1,,,,48.16933774340076,0.3440291947480745,17.805655860227088
Lachnellula,1,,,,60.62608396571652,-7.4070334953642565,20.42457366895467
Lacrymaria,2,8.793185401183855,0.0,,48.09636712518665,-2.456218296692819,14.33573440369601
Lactarius,17,12.735107477148988,6.2565709694454,954.3977975760058,52.06484274606392,-1.4855051097679983,14.076085791438487
Lactifluus,1,,,,39.93989600845331,-5.066795320111728,9.624576781207361
Lactuca,3,4.246890401813992,1.0915058854501019,,47.90536345579432,0.17896522242646928,11.974981003152108
Laetiporus,1,,,,55.96618053343545,-0.19475931643939126,7.202729396440621
Lagurus,1,,,,60.684730053984666,-0.4354232435757194,22.299329390973654
Lamiastrum,1,,,,46.03369978239282,1.4389873988581714,15.085648512096505
Lamium,5,6.820436961520554,3.4745926691889397,7.175114680756691,51.59983368748064,-3.395847588385126,13.842724341834689
Lamprospora,1,,,,62.94601642391457,-7.846080757500873,20.290018709848123
Lappula,2,7.54163019506973,0.0,,45.10964705606529,-0.520785830381433,12.764025677617147
Lapsana,1,,,,47.23684857892886,-5.0464951547680155,13.644253604296985
Larix,1,,,,53.23518108494338,1.2425117213486492,18.850990745659722
Lathyrus,9,10.245266858526836,5.288134900368838,346.7195547902653,46.611655766629795,-1.1042277855783378,12.863697452458933
Leccinum,2,11.24789385616771,0.0,,43.64520990271315,-0.6112781165792253,10.758824306566588
Lecidea,1,,,,38.19965364855641,-1.0382782035927018,12.234049168712357
Leersia,1,,,,40.354294481220954,-3.2076301873790736,7.202067013744817
Legousia,2,16.601981028080235,0.0,,53.16139923222014,-0.9558507334628819,17.37452301112122
Lemna,2,21.281399821501978,0.0,,50.803063597170116,-2.4502283988517837,9.825046923229436
Lentinellus,1,,,,52.88583243169023,0.07644563955935824,20.668681974423308
Lentinus,1,,,,47.93556759811115,-5.698468034318449,12.377851296089437
Leocarpus,1,,,,50.56581645388492,-3.504756946762666,6.05656887651933
Leontodon,3,4.333168753177046,1.9558909290261508,,49.605022432700935,-2.2383768128682036,15.328070527806547
Leonurus,1,,,,41.32204819647635,-2.3450008893462493,11.270041522397122
Leotia,1,,,,66.05254145836639,-8.444980589377177,11.371191851051377
Lepidium,10,9.297096832712466,4.3655304665348735,173.3535969244653,46.0936255518631,-1.3592374667623779,14.797348697261004
Lepiota,2,15.87429793042338,0.0,,56.99098985205313,-2.201409934969506,17.18887162958083
Lepista,7,9.571120349962289,3.927046794127736,170.66549598699913,51.38900276712751,-2.9772443398166093,16.45580528871924
Leptobryum,1,,,,53.50529720739732,13.945433523051026,13.277223105656866
Leucanthemum,1,,,,47.69871766007526,-3.1803439217036877,16.119906200967506
Leucoagaricus,1,,,,48.06771727043025,0.05505599479616041,5.901646780367797
Leucobryum,1,,,,48.12364518837033,-1.2006582446354164,15.049982763190538
Leucojum,1,,,,62.73576398860696,-6.487365291404201,13.863630549777351
Leucopaxillus,2,14.205262948084314,0.0,,57.042956779236675,-5.450453848133196,14.01763542895651
Levisticum,1,,,,53.117790146611355,0.7807140670100798,18.18573580159628
Leymus,1,,,,50.35020046263297,-3.6441955668364834,12.237121012752382
Ligustrum,1,,,,44.14144932572452,-0.8078684341517872,11.717821843687082
Lilium,2,8.72748125587296,0.0,,43.276422641880046,-0.039788970014255354,11.151426907837415
Limacella,1,,,,35.47842691646315,0.7892891873894081,9.144174058063037
Limonium,1,,,,48.98434892716875,-4.632180017078602,14.376515844967386
Limosella,1,,,,48.650023038960796,-2.4789893654200146,14.54250085874732
Linaria,4,12.238125514050125,6.434477988952495,27.950374216913623,43.70244535867029,-0.8173745548098882,11.819168719338592
Linum,1,,,,46.318650516716126,-1.810384358314765,15.381597704672668
Liparis,1,,,,56.513572115373236,-2.292683487711278,16.75033848734738
Listera,1,,,,54.4955627491766,-3.791357117747529,21.00233495449555
Lithospermum,2,12.709138475523222,0.0,,43.73678496122197,-1.621813914100878,7.842847002803177
Littorella,1,,,,47.11344158711159,-0.3506417595387501,14.102415259071455
Lobelia,1,,,,37.43631137683576,0.08689785783411175,12.549217040442862
Lobularia,1,,,,50.7235887238527,-3.80651394662912,12.769804045946298
Logfia,1,,,,47.86246920159342,-0.08735406751797514,14.059281661056334
Lolium,4,6.503088633561538,1.711721773726648,8.764036606261502,46.08470401170767,-0.27254826099000484,14.234604778701087
Lonicera,1,,,,49.33743232070199,-0.19689109435522267,10.660182768133076
Loreleia,1,,,,56.336270476299305,-1.3784710599584193,11.754512879535174
Lotus,3,5.356412992944297,1.1602598594237932,,43.42227125894586,-0.7166729697947738,15.899799155343741
Ludwigia,1,,,,65.71730794976074,0.23493153804771127,18.233672059186112
Lupinus,1,,,,44.89900000847417,0.07644563955935824,8.235808310820758
Luronium,1,,,,41.4121244301951,-3.2827519419025286,15.542177594815099
Luzula,5,15.025072406503284,9.559804576969519,76.22684127541596,41.3280146604276,-2.859309055703613,10.58945109385373
Lycium,1,,,,56.905479246848174,0.1744271929358665,8.886486783612412
Lycogala,1,,,,51.65317724821354,-4.444239642536207,12.32054811381833
Lycopodiella,1,,,,62.434902975776396,-2.0654342263735637,15.179290462102468
Lycopodium,1,,,,49.25186421596838,-3.491988625098086,17.12630529010403
Lycopus,1,,,,49.71527916899636,-4.205150032214555,13.648879406076587
Lyophyllum,2,11.214234313221967,0.0,,52.16269886878685,-0.6556401438408271,13.290761419301832
Lysimachia,4,5.618430315103194,1.7025411959833898,8.603277012683636,49.29952970298825,-1.9259452649731668,11.620505443640772
Lythrum,2,8.198425269518832,0.0,,51.033414513029356,-2.2089744102550544,15.682144321771363
Macrocystidia,1,,,,48.11864186128611,0.007358217696956659,13.356903997913594
Macrolepiota,3,7.694508413885039,2.613369853797877,,43.16760972050743,-3.1805252289362484,10.87499433272484
Macrotyphula,2,15.820775267668525,0.0,,55.37272307767932,5.508669926416659,20.874297216125314
Maianthemum,1,,,,44.88082417356602,-0.3423780892449768,13.41039770385355
Malcolmia,1,,,,55.047323923726665,-1.9170984405601499,16.753193933962507
Malus,1,,,,43.52142304443771,-0.3084415622144898,12.100048026136157
Malva,6,11.10266289987531,3.7698728989807204,257.68164319603653,46.48430143280357,-0.9837738156471681,15.50334369285284
Marasmius,2,5.710357906988799,0.0,,46.52101808450386,-5.528115000149297,10.850534779200204
Marchantia,2,11.674207659591774,0.0,,47.23670601610651,-2.0535347810851645,12.651302733003517
Marrubium,1,,,,54.58783067197355,-3.5907448799234465,7.7719685098266655
Matricaria,2,17.567256230287807,0.0,,44.487309589682525,-4.612062657857908,15.157883665732468
Medicago,13,12.8853300192653,8.075718420895788,688.424121035273,48.31620892455655,-0.4354232435757194,14.688456353757607
Megacollybia,1,,,,38.46229594712032,0.14504721670366427,7.8105972832061665
Melampyrum,2,6.211926188764997,0.0,,45.88110335384045,-2.7574491012556863,15.346750020180195
Melanoleuca,3,8.40712233361137,0.8567485761761842,,38.61633012227716,0.22472942978728205,9.298352853010261
Melanospora,1,,,,36.888203579408696,-0.6855248879070741,10.515402520598837
Melica,1,,,,47.45842680024395,-3.9728242831688076,10.35115829403528
Melilotus,6,8.089887336736323,3.5870628876715567,88.30980325838001,51.619713973245766,0.31239552379420943,15.7267991756817
Mensularia,1,,,,56.6992924054405,-5.804823358290745,21.807766083301306
Mentha,6,8.206141465886407,4.753078698597391,90.10123009467438,48.686979249850054,-0.533523703872954,14.582771566250596
Menyanthes,1,,,,44.48061304540383,-3.3445415893645913,16.328721545286975
Mercurialis,3,7.850617577866402,3.1730987748850397,,46.208472642163436,-0.15583585354943252,12.927295308078756
Meripilus,1,,,,65.21247927193511,-2.894146591212954,15.780829499614747
Mibora,1,,,,45.10458875139149,-2.300342803398858,13.616401461199478
Milium,2,10.217893666090784,0.0,,48.56690389365081,-2.470085284965867,12.093115242431736
Mimulus,1,,,,46.31365408292641,-1.9977285900466546,13.000182497884172
Minuartia,1,,,,43.690250766827724,-0.9745026505942889,12.8724749746289
Misopates,1,,,,54.627340690584674,-3.270317037988968,15.434171477617099
Mitrophora,2,4.127507819880153,0.0,,45.26261586178742,-0.07575742749109382,11.55909420297347
Mitrula,1,,,,49.360730985827146,-0.4547766038001111,13.868632529729119
Mnium,3,14.228397946489492,5.065932416784215,,59.314066731532634,-2.6676034359200407,16.24995142856831
Moehringia,1,,,,46.72777371324149,-1.9421862761588304,18.26188687215047
Moenchia,1,,,,45.741645666631506,-1.0348948162838267,14.592720693328543
Molinia,1,,,,44.12159414615265,-4.904897259062901,15.782007347532389
Moneses,1,,,,61.288591123784585,-1.236226635804638,17.553278193686396
Monotropa,1,,,,33.048387895875074,-0.1901558542483639,11.976325632522855
Montia,2,9.591814677774302,0.0,,52.52602857390668,-0.5973671731559355,9.278109694483394
Moorochloa,1,,,,52.9519612245374,-5.239930731328945,21.094728233709848
Morchella,2,5.32742923168331,0.0,,53.7126609542894,0.9002521475818259,15.44502632554522
Morella,2,6.197563103808796,0.0,,44.95878187843714,0.12261708771118401,13.929952700607101
Muscari,2,13.353058227690106,0.0,,49.83583957472432,-4.071011279045633,15.07856846065857
Mutinus,1,,,,59.03030964151755,-0.6669921011447644,14.255164892081806
Myagrum,1,,,,54.931612894673336,0.3118090968046716,15.650182065018958
Mycelis,1,,,,55.54546061790542,-4.248795533024541,12.68875804238414
Mycena,8,13.207251194962959,7.390491324336644,232.5298833053487,52.11934575306501,-0.15657444533535847,16.57280801479918
Mycetinis,1,,,,53.92942427166085,-4.795805854024282,18.300653959148626
Mycoacia,1,,,,54.91217224998621,1.9773919391753436,18.5740033944211
Mycocalia,1,,,,64.63083565372112,-6.246169980755556,20.1801649525428
Myosotis,6,8.146474210966613,5.847544077332293,64.8824393348667,45.18346011045998,-2.1059320748884334,15.024312978844051
Myosurus,1,,,,55.35052617559084,-2.642107400574134,18.786872147023836
Myrica,1,,,,58.70095826442979,-2.823498348922482,17.009446517345527
Myriophyllum,3,9.525267041054745,3.029596171035272,,51.23664470156055,-1.6968828569438044,16.474303408197354
Myriostoma,1,,,,45.94318210499095,-1.3029315736660663,7.686828794372014
Myrrhis,1,,,,39.982845719433755,2.6993182349014377,11.308137077345792
Myxomphalia,1,,,,51.16425600842702,0.7963052636816292,15.872247885052303
Myxomyxetes,1,,,,54.7451633817338,-2.8226011197320378,17.042895441369478
Narcissus,2,6.80249395401522,0.0,,52.890651737571936,-1.1349879562656677,14.463657242657536
Nardus,1,,,,45.65745660537491,-0.40783038238265124,16.884557854545655
Narthecium,1,,,,52.9022105032648,-4.175115447751121,10.627699042027672
Nassella,1,,,,53.812822626181344,6.888631080900598,27.22325021378198
Nasturtium,3,7.844842965019583,2.0675421995243437,,47.22932197256822,-0.20327185312002394,14.952949251446789
Neolentinus,2,9.223871340587989,0.0,,49.087575475202385,-0.9964119583922293,14.490571689348203
Neotiella,1,,,,44.35044734328211,3.959509940589745,20.57726823454863
Neotinea,1,,,,33.69097197734797,-0.7595873794341429,11.603743666621135
Neottia,1,,,,48.02204817206743,2.4534571770709057,10.196407578175126
Nepeta,1,,,,51.76363468486613,-0.9866262836289996,15.491591781709246
Neslia,1,,,,53.49286069312828,0.4208822774283416,17.04926089937233
Nicandra,1,,,,43.895462836487575,-2.1778675789922985,14.713887297755711
Nicotiana,1,,,,42.30315570167813,-1.13729191273787,12.083065172841279
Nitella,1,,,,45.99562078858416,-4.079447349583876,19.013306969034428
Noccaea,3,20.581805745937302,5.171030385312442,,63.55984524958035,-0.1743836434709295,13.08969534604454
Nuphar,1,,,,61.43453841146912,-3.2251194564426044,19.298136634710538
Nymphaea,1,,,,58.8957126026323,-3.1977120635691136,14.572797749025778
Nymphoides,1,,,,65.00314420020646,-4.317537796801441,19.48246990027187
Odontites,1,,,,43.964089966029675,-3.923137404693411,16.780685867284074
Odontonschisma,1,,,,47.68012608815359,-0.8395200549321524,9.029888012947595
Oenanthe,4,12.01863835491452,5.919525002476798,39.87719216778349,47.020203192272234,-2.8569424054796233,15.020143482297255
Oenothera,3,4.00333409459255,2.651785300040051,,47.012984038459784,-0.8678949408951891,12.842633276000981
Omphalina,1,,,,47.56079402622308,-4.370326224138299,20.002103299235696
Omphalodes,1,,,,58.04519155431851,-1.711912821722339,20.195634374707126
Onobrychis,1,,,,57.451987520260076,1.712170458180784,21.817739057513165
Ononis,2,7.326519330669695,0.0,,45.25501254052809,-1.3028804483174727,9.986426507883401
Onopordum,1,,,,40.913720128733196,-0.15583585354943252,13.724746113524656
Ophrys,2,6.993190175052611,0.0,,56.59755268637563,-1.5425431511714507,16.272046107708913
Orchis,6,8.023090922801659,3.3260737344790146,65.99045641003703,45.13053819860231,0.3080220003109785,12.008708868002827
Oreopteris,1,,,,41.85903855246346,-3.565709840769593,11.307188576658877
Origanum,1,,,,63.45169954416404,-4.276646633293579,20.650210940832103
Orlaya,1,,,,60.5985330233311,0.3490133446215904,15.388585513883847
Ornithogalum,2,18.661915652692002,0.0,,54.04711826890838,-0.6685663982805081,16.687913972954462
Ornithopus,2,1.6590719820120834,0.0,,45.11611272192977,-1.9049811780224024,11.955855189736209
Orobanche,10,14.868685581161163,8.102052168181805,388.95136781779024,54.481437263178506,-0.23591336697171422,15.310369295968602
Orthilia,1,,,,64.24135653757514,-9.037579252384742,18.415046342462126
Orthotrichum,5,7.5025852082663125,3.769719300254158,4.499954781497884,41.67181022266204,-1.6648368435094318,8.112272023538603
Osmunda,1,,,,46.00134470109051,-1.67806210236765,17.563911126559017
Otidea,2,1.9293099632507,0.0,,41.54853943038292,0.6698503233235065,11.686402701159366
Oudemansiella,1,,,,47.93758567235155,-4.335033804340583,7.522791354637315
Oxalis,3,11.440445951683671,3.296549242590227,,44.699517073612654,-1.757100756936636,11.789271033484471
Oxybasis,2,4.042261642422163,0.0,,48.928599576759765,0.10904463670405318,19.484178541003814
Oxycoccus,1,,,,56.697705570398256,0.28131719192880933,16.185080690341902
Panaeolus,3,18.30457220754467,10.136872084888134,,42.14382931379656,-0.7248272998535699,16.105297223782344
Panellus,2,14.310737580058687,0.0,,52.553946212824826,-4.183953879004415,15.703114056623196
Panicum,1,,,,35.92582120842099,0.2847373170742351,11.709441075508431
Papaver,4,8.479657520024356,3.713343094925751,21.141809856006496,48.583594579473875,-3.875768376049277,14.021473320348498
Parapholis,2,10.107951954649161,0.0,,45.738406769303744,-3.2643837258736204,14.906369733317725
Parietaria,2,13.890499540275936,0.0,,57.70995822535417,-3.2875874421565143,17.39430697934684
Paris,1,,,,32.74996211000367,-2.6676034359200407,3.192101038181078
Parmelia,3,9.360358782554284,2.8848902164557524,,43.468804040835415,-0.4547766038001111,13.003507208701382
Parnassia,1,,,,39.18893806964748,-1.0891153420936883,15.588132494229434
Pastinaca,1,,,,43.98890964433026,-1.7461581141590132,15.67782283330551
Paxillus,1,,,,48.70527310270255,-3.611680538248896,9.269744366339761
Pedicularis,2,10.595660688130243,0.0,,57.28033171470461,-1.2195605611632077,12.77281566344366
Pellia,1,,,,44.40120506299051,-1.1330886025558984,5.596878884814727
Peltigera,2,4.00480420950685,0.0,,42.79812553222001,0.9038121905675378,13.485684229919425
Peniophora,1,,,,53.43956442345953,-4.5276439457133115,18.353100672274515
Persicaria,8,5.543372001361263,2.870697299908078,49.75272119424866,49.04146526347313,-1.5480369898312336,14.792062572745284
Pertusaria,2,6.640684820138293,0.0,,41.6328227280302,-1.9940225213346747,12.997630045329094
Petasites,3,11.761213494772727,2.534158733834928,,55.02550201552033,-0.15583585354943252,14.32067986168607
Petrorhagia,1,,,,48.738429833557234,-3.8180185242282505,12.86710184692671
Peucedanum,1,,,,55.25761793313062,-4.825070161376621,14.589393512042559
Peziza,4,10.012472382385434,5.548818207216103,6.179502860706706,43.431911767968245,-2.0074817218550463,15.443950208617256
Phacelia,2,5.538761137265898,0.0,,48.47971161001252,-1.948399072216167,16.375252463957164
Phaeolus,1,,,,51.963868401051684,0.9576322051850217,12.885517824645131
Phaeomarasmius,1,,,,51.27483458509599,-1.9094513078524167,12.918052699905536
Phalaris,6,13.452835446435236,4.726555420338869,489.206122599424,55.78319449724508,-3.82164884660427,17.939626505527727
Phallus,1,,,,66.85454282967777,-3.538195809541622,13.94145675391889
Phegopteris,1,,,,53.914217228597266,-2.4155984233534267,16.495560553814915
Phellinus,1,,,,49.953751213669875,-3.646546027995301,12.255595763050176
Phellodon,2,11.44554578467885,0.0,,45.38401370172685,-1.2121920488264855,16.17649552552149
Phlebia,2,7.5034748593994625,0.0,,45.18562824719848,0.9310387084613819,16.21599691993373
Phleum,3,5.3103703621883875,1.476694462850186,,50.76538580805047,-3.4061861407458927,15.844843991682101
Pholiota,4,14.646233930229272,6.519732613952289,37.04844271965712,47.60923029348035,0.05691392777339849,15.146220237485519
Pholiotina,2,6.788380010575538,0.0,,54.118789803453986,1.5559036071282062,17.04218104494152
Phragmites,1,,,,47.22932197256822,0.22334066347107218,13.356333058252169
Phylloporia,1,,,,47.74584495347865,0.5054448533412526,14.516330285084333
Physcomitrium,1,,,,50.86019977736905,-4.327524812482331,14.021977796940078
Phyteuma,2,5.35845119197078,0.0,,47.21278345111181,-1.1847254597738,14.892392531269511
Picea,1,,,,42.177709728516184,-0.12704262154022983,12.586329599866964
Picris,1,,,,53.08603184771323,-1.9439826073771593,14.441599409188367
Pilosella,1,,,,47.09949084369425,-2.9639931848859935,16.429698169211004
Pilularia,1,,,,52.08934280772884,0.6519220120391744,14.87128411148153
Pimpinella,2,27.516594447511647,0.0,,54.09946250073315,-1.4137342298981281,14.593665144089595
Pinguicula,1,,,,41.55302681662734,-1.1598677188812134,10.409439690333212
Pinus,1,,,,43.6441416948622,-0.8274019663325749,9.182367858673512
Piptoporus,1,,,,56.61917982150925,-7.4984416236059666,15.88773693125054
Pisum,1,,,,48.42955247698572,-0.7608332497254233,12.479027112292263
Plagiochila,1,,,,44.429050279845555,-4.876573329878564,9.02334892699418
Plagiomnium,4,9.979682108871824,5.9831349177122854,7.014013209434554,43.28236338263575,-0.27217411132455377,12.88693031139807
Plagiothecium,1,,,,51.35958290117604,-4.335913146838677,13.034410051461176
Plantago,10,11.574833163880221,6.169810664307011,740.1695154416748,48.732535998049386,-0.5581495370189649,15.399384706031189
Platanthera,2,14.656021935826955,0.0,,46.70684648005711,-1.5286288975234832,13.471914777486122
Pleurotus,6,13.193520964017075,5.638685906945931,262.39625262136593,48.35183248042924,0.2708181867849824,14.21768493048381
Pleurozium,1,,,,50.63769372076963,0.1564318396748421,12.63733706807968
Plocamium,1,,,,62.26410877327747,-2.959264605997436,14.73585500320793
Pluteus,6,12.821663879573054,5.500977460135613,236.7442875895419,50.63298794538301,1.2306765263238317,15.392518549455442
Poa,8,10.221540056343759,5.03978127996019,342.32934994301144,47.897412198290766,-3.2111846710426164,13.128421218680792
Pogonatum,3,2.227784177143198,0.7008868055653642,,47.29924114378114,-0.9368181241483087,14.036833123439651
Pohlia,3,9.428901961688576,3.580780837396879,,41.35238915080727,0.7830264084092153,10.186530563630347
Polygala,2,10.182578248197066,0.0,,54.163291752014935,-4.765302104811909,16.042621037935234
Polygonatum,2,3.7895439667967743,0.0,,58.98454073084593,-3.2743724662342433,16.902217741948505
Polygonum,2,17.220144740471223,0.0,,49.01354884421353,-3.1314388145243788,16.04190283674312
Polypodium,1,,,,58.42689266539877,-3.4668263553027656,16.246151699459656
Polypogon,1,,,,53.75371371799709,-3.148589890985376,19.97600543122462
Polyporus,3,4.430866723919505,1.3144254271443516,,40.3925484296298,0.053167262763262335,14.98872212583282
Polystichum,1,,,,42.948255057916036,-4.258475462053768,9.919227058041802
Polytrichum,4,9.190509617244436,5.09864983345748,26.834723047109684,41.05363794637294,-0.1786170057668443,13.221502628048704
Populus,12,9.22010673185899,5.159867197962383,141.50926287533042,44.285367805325286,-0.004185734840345123,9.595331875867775
Porella,1,,,,39.780984365883704,-0.7244186528110597,10.997265164356818
Porodaedalea,1,,,,63.20714853265925,-3.6699547390508513,15.990554981670124
Poronia,1,,,,49.824386291064016,0.7568590080128945,12.062606028829158
Porphyra,1,,,,55.59901865942561,0.0778436395708626,14.747113728449568
Postia,3,8.064533814202692,3.1401695941083765,,52.16836948562349,3.908537103823606,17.4534606856799
Potamogeton,11,10.80965413857456,5.543069383511508,229.5282803947804,46.57675185375027,-1.8242825734849921,14.836378952461848
Potentilla,12,10.006068708936615,4.658937723784243,515.2046809787358,49.51333492071363,-0.6235162594496052,14.959146542085167
Poterium,1,,,,48.34080560674613,-0.1743836434709295,12.470855329319297
Primula,3,6.279520868883925,3.5897119288976502,,43.77606017010411,0.8490724900184765,14.472151036557202
Prunella,1,,,,48.118994493528504,-3.205148640306521,15.539300250996913
Prunus,5,9.328460161392767,3.4084729681024397,20.980393587085068,44.50882007426963,-1.5929010468393456,13.10947365950521
Psathyrella,6,15.219067408648566,6.702017191514094,263.70138518862217,50.36167756968793,-2.0635323487395993,11.677969467699128
Pseudoboletus,1,,,,50.022724142339484,-2.6996885767403,6.466360295200668
Pseudocraterellus,1,,,,53.21672252725354,-0.2976493985870077,13.000035355251448
Pseudofumaria,1,,,,46.75058509075318,-0.416311614779577,9.499930329655005
Pseudohydnum,1,,,,58.31589558348139,1.8569277257455274,16.600130445529793
Pseudoinonotus,1,,,,50.6777360948861,-3.7696656307983076,17.270130169506494
Pseudoplectania,1,,,,43.7312615483074,-2.420906330370731,8.589311842159441
Pseudoscleropodium,1,,,,37.55439241913175,-0.16503653691284093,9.590760997758373
Pteridium,1,,,,56.5666778578057,-6.6238230651194385,20.96341109716726
Puccinella,1,,,,57.92119312819362,-3.212035364118071,14.993830170966849
Puccinellia,3,13.631418589104129,4.4834599494410226,,53.58670333141532,-0.5914756772158469,12.227121667153407
Puccinia,4,6.810360868470387,3.6481887469822922,6.230741924201129,45.183036636384905,-1.221762504974827,14.22057082221777
Pulicaria,1,,,,48.14742184783134,-3.0192265818355377,15.525049702947857
Pulmonaria,2,7.165924408681287,0.0,,42.14665121327139,-1.522395049865247,10.94118434927137
Pulsatilla,1,,,,44.744462860434794,-1.6690989335486073,11.957899070665334
Pylaisia,1,,,,58.91003863763031,-1.0578329947313891,7.6410162733933085
Pyrola,2,15.5831026586126,0.0,,49.23543722069472,-4.017618458817457,12.851669549551097
Quercus,1,,,,47.23224799332212,0.22472942978728205,17.105575714103715
Radiola,1,,,,49.93330657927561,-1.1531302356594941,5.7731365554873015
Ramalina,1,,,,43.031656448447244,-2.9381242790513795,2.151443918350404
Ramaria,4,8.070874516295229,2.6037588503913973,7.239557165114838,46.82686223740839,-5.287369853243934,10.299502655286624
Ramariopsis,1,,,,60.24420888650249,-4.314709020295515,17.38567869710712
Ranunculus,18,10.057268593605484,5.011073864486567,567.5087598280461,48.348615493096986,-3.698240875879069,13.211089907766315
Raphanus,1,,,,41.334676377450876,-0.5166955735960155,11.49008216933356
Rapistrum,1,,,,47.78759348107419,-4.721492780532688,14.443305065323264
Reseda,4,6.452416317927317,2.771590858349113,2.371811039210605,47.52078179092378,-1.6742358545999703,15.530840661430284
Resupinatus,1,,,,38.66289659603044,4.434458281962373,11.29961897272096
Reticularia,1,,,,71.4140377602807,-2.2762412256451814,13.679071828417456
Rhamnus,2,2.9562448228596265,0.0,,41.24462228137605,-1.9880316733474483,14.216053830211589
Rhinanthus,2,2.092509997052398,0.0,,52.34618536877727,-3.0458194250506665,17.141444506192634
Rhizina,1,,,,42.075672536701404,0.2748408985356887,16.504686204291218
Rhizomnium,1,,,,43.30394366736778,-5.172651825112229,4.66472917336902
Rhizopogon,1,,,,51.47938908574068,0.024804114850396353,10.421554724529592
Rhodocollybia,3,11.201651753971126,2.7195544661089923,,49.815905594774875,-4.243823023460824,14.269343397694257
Rhus,1,,,,57.21207862544243,-4.097615742477023,3.5568243048412995
Rhynchospora,2,4.7701278397288895,0.0,,46.47247773158354,-0.24391668535309746,16.54125672892911
Rhytidiadelphus,3,7.404902344284792,2.1500599049228946,,45.684778837333134,-0.5186919979072724,11.127078094030129
Ribes,4,14.804369318575668,6.793057827876054,34.802396701148076,55.913548703803556,-2.134233199309436,17.757914747970847
Rorippa,3,10.99907426228983,3.209019640909094,,57.245734389231785,-2.261192943002255,19.586306471607283
Rosa,9,9.832534789634517,5.7246897120682405,202.4697938311512,45.666005254483814,-1.7903614556162295,12.773451023691795
Rostraria,1,,,,42.53621982880285,-0.1743836434709295,16.7011882644572
Rubroboletus,1,,,,42.72421649097964,-0.9718294443903513,5.944437797269036
Rubus,61,13.012172353888396,7.31662585344051,2604.3933271760993,52.02058803389646,-0.33957298045794726,16.297725822834643
Rudbeckia,1,,,,57.7240151332674,-0.4674681866503605,16.440394509541466
Rumex,22,9.919924384931084,5.7825369839209415,529.6610440583421,49.007801742693886,-1.488854321030797,13.665345459903268
Ruppia,2,9.758616855109036,0.0,,53.60293381143473,-3.7715914192927023,15.63259564985976
Russula,14,11.412289676578679,6.468222060857532,497.06613398982336,48.93171305159941,-0.7656459040734365,14.387777999322914
Saccharina,1,,,,65.15909892185762,-4.4911924258788645,17.59905078690037
Sagina,2,3.996052961622926,0.0,,50.01064956819877,-2.891534031497639,17.049924719293596
Sagittaria,2,10.983831905497995,0.0,,41.57329757705436,-3.115289822302948,11.372653753030232
Salicornia,1,,,,53.78225316571185,-3.5787460601934273,14.80121236042522
Salix,22,12.364682612319015,6.18535801470845,1301.977946691471,47.43909175089932,-0.4129026563291574,12.617913617870746
Salpichroa,1,,,,62.086864149109374,-0.7595873794341429,13.848659730387203
Salsola,2,5.403309870999287,0.0,,43.76832151831357,-1.3182404041546316,15.992367925239854
Salvia,4,10.744719665356284,4.299953530394371,1.9681872168913341,43.996170118555725,-1.3161670548557103,12.497350115643101
Sambucus,2,13.486190561483836,0.0,,47.39128105576375,-4.373008860346389,14.218167540943455
Samolus,1,,,,44.774064098436504,-3.1332857620758325,16.725405983036566
Sanguisorba,1,,,,43.63559117111296,-6.554320176171497,7.833239391117619
Sanicula,1,,,,47.07654325357944,-1.8279919847685178,9.32601026081814
Saponaria,1,,,,59.8985970574123,-5.339586448932732,10.925878868529516
Sarcodon,4,9.33855641467519,5.798118897671408,2.1327707286187234,39.91949090233481,-0.20547989177366333,13.612976490208611
Sarcomyxa,1,,,,45.931717120732415,0.9145115996903597,15.57013804082288
Sargassum,1,,,,43.873699072897686,-1.7539904863879685,6.472018371497401
Saxifraga,3,10.120110635855685,3.3231132026482317,,46.51176246896658,-0.19350428616601856,10.366883427318918
Scabiosa,1,,,,41.78941841176765,-0.20644085544721524,11.989522646599504
Scandix,1,,,,52.13596570043606,-1.1406235908524298,16.016996348875388
Schedolium,1,,,,52.63236599600249,1.0692618803053167,10.95638960254066
Schedonorus,1,,,,52.347842299631694,-1.8178440079822944,15.716438770846764
Scheuchzeria,1,,,,34.28381114027255,-2.911303894536643,8.553773024390432
Schistidium,1,,,,52.039286408696825,-0.1169546964479018,15.917621509809887
Schizophyllum,1,,,,38.45939358856502,0.21300235999616168,7.848057772170147
Schkuhria,1,,,,55.570070592715865,5.6903739937227975,16.644984719261778
Schoenoplectus,5,8.055136026928409,4.197757651291018,48.67085103358747,54.95018971504497,-1.93784199735908,14.551078351454061
Schoenus,1,,,,49.33392246688052,-2.831036548482102,12.562681692053124
Scilla,2,19.30473895770452,0.0,,45.33054403610565,-1.1984203017576245,14.77205222227484
Scirpus,1,,,,43.10886595955508,0.2724870672101004,9.64846418483194
Scleranthus,2,8.345011900248709,0.0,,47.74508150787183,-1.3182417601227125,17.384413679663496
Scleroderma,1,,,,47.00826039404967,-4.567017249548777,13.930709277998766
Scopolia,1,,,,41.04118694976256,-0.8510078020673162,5.837314495329848
Scorzonera,1,,,,47.64511602071332,-0.1301050315466179,11.991397959110117
Scrophularia,5,7.9940137706881575,3.8265135846061096,16.89467108721182,51.44068386333532,0.053167262763262335,14.52089895826003
Scutellaria,3,7.255561081765706,2.5731374114928065,,46.67283215161999,-3.3897414014875116,14.645970790417717
Scutellinia,1,,,,45.60183945532465,-3.7764088483663305,16.11099746274922
Securigera,1,,,,48.68955401205935,-1.4336222324195513,15.824214137330749
Sedum,7,6.126628340562756,3.0834280564084917,39.34131765617835,44.11760872979505,-1.061817909130236,14.45140911246886
Sempervivum,1,,,,43.146009994615845,-1.4274606480417784,12.703448281766615
Senecio,5,10.847791565223663,7.278526725677135,27.564566252322088,42.64526698455428,-0.5302198836233535,13.329248973589214
Serpula,1,,,,64.38555583459214,-4.79584715032455,14.56538600674313
Serratula,1,,,,46.469864407411535,-3.3141769974125435,14.381739656187342
Setaria,3,8.297037364572937,3.493524117628217,,57.440080372270174,-7.943494416081165,11.881623687085341
Sherardia,2,6.738869635059026,0.0,,44.59367069022697,-1.0807651167813042,11.50981367951795
Sideritis,1,,,,53.33897265002729,-7.81613851827867,19.768642962882097
Silaum,1,,,,72.4482187732552,-4.860871434124503,16.030370966759968
Silene,16,8.320363626956198,4.278132459680289,477.8931781686409,45.037303616030435,-0.18223672613828373,13.429717013382213
Silybum,1,,,,53.90283247943613,-0.6555393978537605,8.568086802472541
Sinapis,2,7.129633404806724,0.0,,46.27179823714428,-0.8722885158277127,12.356492520393914
Sistotrema,1,,,,54.32085560088436,0.8839932301463183,15.138465486765561
Sisymbrium,7,13.297213176855223,6.209447588646872,315.6384765396515,51.36072797392963,-4.512862296869313,14.778311180928894
Sium,1,,,,60.27244454735417,-4.68122449358227,13.849877820170665
Skeletocutis,1,,,,62.58966844756408,-0.17587701314965287,18.58040496447432
Solanum,6,11.4732426522754,5.709009044332897,128.93379493034695,52.29289861533154,0.19162721644408465,17.584679997262366
Solidago,1,,,,50.9198636967607,-2.0835240125988976,14.824783263763642
Solorina,1,,,,51.50952459086051,-5.209358263367658,11.514491870591993
Sonchus,4,4.602910716575434,1.4047702389904633,6.402037074255811,45.89706358256231,-3.231831748920305,15.994832334752829
Sorbus,1,,,,40.72925984917321,-2.829670424265851,11.010715054469811
Sparassis,1,,,,55.50562618596466,-4.940831651993438,12.584737097618515
Sparganium,4,12.382173134792149,3.9011394596547704,63.67844596199943,52.037235874707136,-1.780014030471705,16.475897888763935
Spartina,1,,,,50.67246941090484,-0.7595873794341429,15.315509222263636
Spergula,2,12.377678614046014,0.0,,45.889834729563475,-1.8170755147305373,13.59563745383241
Spergularia,3,9.465931391214868,4.257367232440924,,54.38237237947432,-1.8962536457197143,17.415560806830744
Sphagnum,2,4.759939315176356,0.0,,48.328719606705036,-2.8523697017464045,11.995560685372004
Spinulum,1,,,,44.573375747249266,-1.0019721898134881,13.537077638262163
Spiraea,1,,,,54.287626220453646,-7.877422819853153,16.017443935496047
Spiranthes,2,18.38534133311242,0.0,,58.311163129768644,-6.8314581999055495,20.492875254668075
Spirogyra,1,,,,53.750395147570714,-5.327356997693156,10.600523638727989
Splachnum,1,,,,44.690568806327015,-2.601976016523011,5.602543297446383
Spongilla,1,,,,43.25226682584465,-0.16503653691284093,17.786188367187115
Sporobolus,1,,,,53.132878496684924,-6.356289043238372,21.885818638192422
Squamanita,1,,,,55.15099761433281,0.4713040439528471,16.325590521635558
Stachys,5,8.049176754617376,2.8039754110932407,33.618745401825734,52.06606479119557,-2.230067038568595,13.829273401675335
Stellaria,8,12.321644098156304,5.970874165524692,496.14088299884315,48.77801802937034,-2.504775686752919,16.048553034382874
Stereocaulon,2,4.066954782812525,0.0,,46.87592260134606,-2.919667088508271,12.23490825217075
Stereopsis,1,,,,49.40253305186289,0.8563701044067562,13.98901705393978
Stereum,2,17.11465103124521,0.0,,59.54848992938214,1.0818666263124679,24.738720817405007
Stratiotes,1,,,,46.29242900160861,-4.154189079834614,14.109754001954023
Stromatinia,1,,,,48.65241017149178,2.213783072373271,18.253217475763485
Stropharia,3,13.722547406552394,6.142193881033851,,50.09792902242708,-3.8775717871682436,18.139410946342636
Struthiopteris,1,,,,47.07332127122812,-6.248067034266613,14.52717411738227
Suaeda,1,,,,43.074982002332476,-1.9840002261593548,13.1768581409884
Succisa,1,,,,46.67880041907591,-2.5002988736011478,16.47407595772872
Suillus,7,10.184714081436436,3.7871419084251126,250.9675353695808,53.02227581449175,-1.3154601352082795,15.199630014648136
Symphyotrichum,5,14.281714157568791,7.677883811297797,216.50228273257102,45.89339620939839,-0.4354232435757194,12.078935040431071
Symphytum,1,,,,42.826556096910416,-3.3128646519769434,14.599148482533975
Syntrichia,4,11.162037026300295,5.407436313354587,13.265544752338782,45.04748363918246,-1.7670206154244417,5.722424871612997
Tanacetum,2,4.008180847120051,0.0,,40.95718974362154,0.787355430657083,11.128916488895495
Taphrina,2,9.106690964107894,0.0,,46.726032894761204,1.7722023310889,18.174738116996775
Tapinella,2,12.494941977587166,0.0,,54.56787117735223,-2.985284432933999,11.742094346186072
Taraxacum,1,,,,54.30330466117171,-1.8356760705663944,13.261618589097202
Teesdalia,1,,,,57.468554859747655,-2.4460856499439187,18.576739131041485
Tellima,1,,,,60.71373385597646,-1.0166623755286097,20.24072565441879
Tephroseris,2,13.105421783651286,0.0,,50.281812018908866,-5.143461371039298,15.669018134102929
Teucrium,2,6.9816399377308755,0.0,,45.603769360061726,0.5950418618644178,15.66003913340215
Thalictrum,5,11.179399312006133,6.613257770470439,43.24533134104915,43.549545695107604,-1.1169947224568821,14.729854246211405
Thelephora,4,9.884835107634833,6.143597568773085,2.283490991763562,55.48236949204096,-3.3636851908033507,15.638636058100298
Thelypteris,1,,,,43.52961169802998,-0.9275818252081763,17.510983403480683
Thesium,2,5.6947439537716145,0.0,,65.1789735641414,-5.702696816171637,18.62472660866481
Thlaspi,1,,,,50.34705597679327,-3.816491900296648,19.274349567881966
Thuidium,1,,,,46.66259779606178,-0.5302198836233535,14.175363282997589
Thymus,2,8.652917201602483,0.0,,46.06586075202356,-3.0052875821779264,16.20185124232441
Tilia,1,,,,45.995290263805224,-0.20327185312002394,7.931085347912448
Torilis,3,10.828731481742453,4.233120667160242,,53.718440695258906,-2.500877201264462,11.260111555236563
Tortula,2,26.95247653059303,0.0,,60.126535505756294,-4.416930363838917,11.33790875278583
Tragopogon,4,11.336820456989017,5.151380396561674,5.361471124989379,51.00106646079274,-2.560308075542861,14.666676468507443
Trametes,5,11.59661830714364,5.114983148110703,37.30409915535549,49.67297150404936,0.04491765376529733,13.586905579658737
Tremella,2,2.9787325708628045,0.0,,41.9571975167528,0.23464436021203988,11.986503239970824
Trichia,2,4.991253844676421,0.0,,47.468452844953546,-3.2820958404775613,13.204818621736836
Trichocolea,1,,,,61.82083721614565,-2.6737256186596947,13.74106427142021
Tricholoma,12,10.83656035639903,4.479793383245339,648.035109151424,50.58363684507782,-1.6567340878126113,11.872556698349051
Tricholomopsis,1,,,,44.427264347661186,0.04857436843827556,6.601108259917332
Trichophorum,1,,,,63.88034139523151,-2.277793470016942,15.060502327845061
Trientalis,1,,,,53.477706380864305,-10.371478966094305,20.54810348411078
Trifolium,17,11.193959056197146,5.816090597043422,823.9712500806543,53.54194011392744,-3.881182353960566,15.309145331026986
Triglochin,2,9.1153731775739,0.0,,52.79530751630035,-3.0196674074530474,14.415559920065341
Tripleurospermum,1,,,,45.68641467812247,-2.8149759495326165,13.867077371398672
Tripolium,1,,,,49.62230284424926,-1.728355371787782,15.308616769881633
Trisetum,1,,,,39.378533188785724,-1.962614744269342,13.39324503327819
Trocdaris,1,,,,54.90360062105816,-1.5209134274898894,15.659750810560691
Tuberaria,1,,,,51.132748648654925,-1.2963222843233035,7.838406778442597
Tulipa,1,,,,40.85043466970074,-0.7874828074994344,12.460857094936006
Tulostoma,1,,,,49.365164058788636,-6.4763199489134005,11.346389161793224
Turgenia,1,,,,53.05487615846117,-2.298571047681386,15.416125954573868
Turritisis,1,,,,54.91521716975542,-0.6497955903395081,14.578399008051957
Tussilago,1,,,,56.49579075488468,-2.278409660549985,14.109754001954023
Tylopilus,2,10.18790391817221,0.0,,65.77180941630152,1.2894418020375775,19.557119267542042
Typha,2,5.802438041051166,0.0,,41.10610261335679,-0.8471185493027777,13.498509179131457
Typhula,3,7.9422279786921655,4.631014755801001,,51.39296354811768,1.5731922024120881,17.86748933595281
Ulex,1,,,,48.14398800378842,-1.7990269313776786,12.10898405282672
Ulmus,2,18.69833844638935,0.0,,50.386169890512356,2.737089559029154,14.005481991698744
Ulota,2,7.7710807400943205,0.0,,41.7974066322664,-1.349824571341425,9.8652785208039
Ulva,3,14.752080431505945,3.7181347699869836,,55.40373063797291,-4.119725589437406,10.77939138916102
Urtica,2,9.998386532283144,0.0,,53.76205831276164,-3.383104446176927,13.84881126790002
Usnea,1,,,,49.39317328342132,-4.180378843155252,9.663263454060411
Utricularia,3,10.666436319923074,2.7174509972863636,,46.862061042378286,-0.36047430617593135,12.352508693896258
Vaccaria,1,,,,39.38181187255394,-4.465070079871514,4.45116548123573
Vaccinium,6,11.894048628647647,6.817472697890952,174.81274005425453,44.954325119370935,-3.8720056443206365,13.833982427906438
Valeriana,3,3.4944184009451926,0.8015752719530336,,41.808046711039395,-1.5588385646467806,12.415280561793928
Valerianella,4,15.633982809829774,4.647322512487296,253.06564873582866,46.52473309023337,-1.5840207942705575,15.115555481201987
Verbascum,12,11.362258023751101,5.643378165540405,488.0030349718048,49.37894937734724,-1.6424227635239708,15.060641565914416
Verbena,3,10.403377158461318,0.7751170941616801,,50.436839983403516,1.8849601272557526,17.187536973117723
Veronica,20,9.389916267544812,5.814190036098299,277.0199770723936,44.399063005666484,-3.2657428221124496,14.440795143975226
Viburnum,2,10.165565779719511,0.0,,57.18623444981296,-3.802424998981091,10.346122119094336
Vicia,14,9.904891941872926,4.5505084691746855,617.3342816874416,51.11244370742125,-2.339153522936038,15.875805443566549
Vinca,1,,,,47.11202982743623,-5.882141416388709,12.26825610419544
Vincetoxicum,1,,,,41.00303702358268,-0.15583585354943252,14.610239882168441
Viola,10,8.940853584811268,3.5319877639159136,268.73047394281224,48.55806371712719,-2.7960183111399584,15.095572400865333
Viscum,1,,,,64.07375519759074,0.6563344074140831,23.676836936474864
Volvariella,2,7.500078472409417,0.0,,47.1993688173356,-1.8975671488168089,15.48824193156949
Vulpia,2,4.825970617282453,0.0,,56.977740507609305,0.5220289482160412,15.893528859126526
Xanthium,2,0.759687547397998,0.0,,45.86408538325501,-0.17005230488734147,11.228365477145397
Xanthoria,1,,,,46.33599766538636,-0.8320803693293577,12.43937244068939
Xerocomellus,2,15.57144371634271,0.0,,47.861264997847464,-1.9022161516381586,15.591320509425454
Xylaria,6,16.207488263144825,9.096674112001697,53.78606069741256,52.484366915278436,-1.5918624739404488,14.792935218322178
Xylobolus,1,,,,50.988934607385616,0.4713040439528471,12.678883759536541
Zannichellia,1,,,,47.47949386491333,-4.502780607119838,16.959895968763583
Zostera,2,5.0089900124275335,0.0,,46.59021171322654,-2.988000120587586,16.649170599812447
Zygodon,1,,,,52.87466218419729,-0.7901475437255279,10.083259753384644
hybride,1,,,,48.427050426568655,-3.4076864177050026,13.021717292871793
